CustomerID,Age,AnnualIncome,PurchaseFrequency,TotalSpend,RecencyDays,TenureMonths,Gender,Region,PreferredChannel,PreferredCategory,LoyaltyMember,Segment,PCA1,PCA2,SegmentLabel
CUST_0262,26,51000.0,8,330.6,40,22,Female,East,Mobile App,Apparel,1,1,-1.5481645248873952,-0.3503094170993165,Occasional Low-Spend
CUST_0133,43,89600.0,21,6591.04,13,29,Female,East,Online,Apparel,0,0,2.278556975669714,-1.0797783266285819,High-Value Loyal
CUST_0576,42,80500.0,4,4015.43,91,71,Male,East,Online,Groceries,0,3,1.4098039396819784,1.3061608922748842,At-Risk High-Value
CUST_0455,45,55200.0,16,1476.93,47,30,Male,South,Mobile App,Sports,1,2,-0.16619425666160378,-0.19933867003104272,Moderate Regular
CUST_0338,62,68500.0,14,1702.05,44,21,Female,South,Mobile App,Electronics,0,2,0.335796975490451,0.15101954175906157,Moderate Regular
CUST_0581,47,44600.0,7,1299.56,103,36,Male,North,Online,Groceries,0,2,-0.6118700361155364,1.0325985284980856,Moderate Regular
CUST_0317,30,51300.0,13,125.06,28,6,Female,East,In-Store,Electronics,1,1,-1.6313344834358894,-0.8507527215850843,Occasional Low-Spend
CUST_0440,53,61500.0,11,1200.26,25,20,Male,East,Mobile App,Groceries,1,2,-0.31481028843390596,-0.11532352819553275,Moderate Regular
CUST_0054,47,112500.0,26,6278.76,14,50,Male,South,Online,Apparel,0,0,3.3190433113546054,-0.9373872457930499,High-Value Loyal
CUST_0398,42,73200.0,18,965.72,8,1,Female,North,In-Store,Electronics,1,2,-0.5427773184821002,-1.1417019140410982,Moderate Regular
CUST_0061,44,94800.0,32,4073.92,19,19,Female,Central,In-Store,Beauty,1,0,1.8080070559133268,-1.5800187991476795,High-Value Loyal
CUST_0586,49,121600.0,2,3813.93,132,51,Female,South,Mobile App,Sports,0,3,1.8379915672984461,1.8491932382358034,At-Risk High-Value
CUST_0497,43,64100.0,15,1269.26,10,23,Female,West,Mobile App,Beauty,1,2,-0.2785860817984902,-0.68714768152487,Moderate Regular
CUST_0273,18,36700.0,14,409.87,52,23,Female,North,Online,Sports,0,1,-1.754376778041778,-0.715676650843389,Occasional Low-Spend
CUST_0279,29,51900.0,3,359.03,95,10,Male,East,Mobile App,Home & Living,1,1,-1.8813171545736327,0.4635611598210062,Occasional Low-Spend
CUST_0278,21,50900.0,6,350.16,8,8,Female,North,Online,Beauty,0,1,-2.0113571410482627,-0.9035577993077324,Occasional Low-Spend
CUST_0405,63,74700.0,17,1774.84,43,42,Female,Central,In-Store,Sports,1,2,1.0284047899518778,0.2716063107551884,Moderate Regular
CUST_0355,56,43000.0,13,1292.06,32,38,Male,South,Online,Beauty,1,2,-0.14152576291570879,0.12794747502741288,Moderate Regular
CUST_0370,30,48500.0,10,942.69,41,40,Female,South,Mobile App,Home & Living,1,1,-0.871381491293464,-0.1559234395655747,Occasional Low-Spend
CUST_0307,31,26700.0,5,20.0,95,12,Female,South,Online,Groceries,0,1,-2.313458631829243,0.4133917139332557,Occasional Low-Spend
CUST_0244,25,39500.0,7,887.88,57,18,Female,North,Mobile App,Groceries,0,1,-1.73439779906609,-0.21103879233980685,Occasional Low-Spend
CUST_0539,51,45300.0,2,4527.61,267,62,Male,Central,Mobile App,Groceries,1,3,0.8329207367163997,3.4685253460399172,At-Risk High-Value
CUST_0389,50,55800.0,14,1152.2,15,41,Male,West,In-Store,Apparel,1,2,0.010993722092835286,-0.19834438497707813,Moderate Regular
CUST_0545,69,104800.0,5,5133.49,268,34,Male,Central,Online,Apparel,1,3,2.191636802405179,3.427224592999698,At-Risk High-Value
CUST_0098,45,51000.0,36,3371.08,11,59,Female,South,Online,Electronics,1,0,1.694658687119609,-1.3823022374664642,High-Value Loyal
CUST_0553,52,71900.0,3,1428.64,173,59,Female,East,Online,Groceries,0,3,0.3671182231418069,2.476386220082744,At-Risk High-Value
CUST_0471,50,53800.0,16,1207.58,50,38,Male,West,In-Store,Sports,1,2,8.431179346283732e-05,0.058069866172193195,Moderate Regular
CUST_0423,41,78000.0,15,1860.95,38,45,Male,South,In-Store,Sports,0,2,0.5565513088962675,-0.14304779946105275,Moderate Regular
CUST_0345,49,32000.0,22,394.08,47,51,Male,North,Online,Groceries,0,2,-0.22770009032015195,-0.1435831226259851,Moderate Regular
CUST_0552,53,91200.0,6,5381.98,180,78,Male,South,Online,Sports,0,3,2.5271878362478377,2.520791677685549,At-Risk High-Value
CUST_0546,48,88100.0,4,1210.73,266,7,Male,South,Online,Beauty,1,3,-0.4882952421190181,2.7833137414317237,At-Risk High-Value
CUST_0071,48,91700.0,27,3288.57,4,46,Female,Central,Online,Groceries,0,0,1.9363828149321116,-1.0343614756544173,High-Value Loyal
CUST_0540,42,56300.0,3,2538.74,168,63,Female,Central,Online,Groceries,1,3,0.25506816662574366,2.1778259072138204,At-Risk High-Value
CUST_0309,23,45100.0,6,297.61,13,16,Male,South,Online,Electronics,1,1,-1.9350540085721581,-0.7052890616771806,Occasional Low-Spend
CUST_0188,31,47000.0,9,161.98,58,9,Female,North,Mobile App,Apparel,0,1,-1.7757558953722186,-0.24189903238617666,Occasional Low-Spend
CUST_0599,20,43800.0,1,132.71,199,70,Female,East,Online,Apparel,1,3,-1.2569438676301576,2.311324860179682,At-Risk High-Value
CUST_0494,55,31600.0,12,1792.39,22,28,Female,Central,In-Store,Electronics,0,2,-0.4563154371163868,-0.11637199727744982,Moderate Regular
CUST_0292,26,55100.0,5,109.08,84,19,Female,North,Mobile App,Apparel,0,1,-1.7212330425520992,0.290284156046666,Occasional Low-Spend
CUST_0431,36,81200.0,16,1262.6,18,62,Female,North,In-Store,Sports,0,2,0.6747734616999822,-0.2988909332678833,Moderate Regular
CUST_0194,28,31200.0,6,246.06,52,10,Male,Central,Online,Groceries,1,1,-2.220966313391757,-0.23153495514771294,Occasional Low-Spend
CUST_0285,35,48100.0,11,261.72,18,11,Female,East,Online,Home & Living,1,1,-1.5001225344323648,-0.6945485529318594,Occasional Low-Spend
CUST_0500,35,58000.0,19,1435.41,48,5,Female,East,Online,Groceries,0,1,-0.7507259423033953,-0.8793317436524616,Occasional Low-Spend
CUST_0306,24,48600.0,2,319.47,63,14,Female,Central,Online,Groceries,1,1,-2.0354581279699677,0.08136708398606515,Occasional Low-Spend
CUST_0282,24,33700.0,1,707.46,95,3,Male,South,Online,Groceries,1,1,-2.4572065779645538,0.331692812753068,Occasional Low-Spend
CUST_0541,42,82500.0,2,2373.8,247,39,Female,Central,Online,Groceries,1,3,0.18485095918542926,2.878352604398316,At-Risk High-Value
CUST_0205,32,34700.0,4,169.39,95,15,Male,North,Online,Home & Living,0,1,-2.0647022158454655,0.5292638285809677,Occasional Low-Spend
CUST_0328,18,62300.0,1,196.79,83,8,Female,South,Online,Groceries,1,1,-2.1189308567086003,0.17415257757590688,Occasional Low-Spend
CUST_0014,34,65900.0,26,4111.17,12,26,Male,Central,Mobile App,Sports,0,0,0.9246922603597904,-1.5215469339256191,High-Value Loyal
CUST_0515,61,82600.0,6,2478.11,294,51,Male,North,Online,Electronics,1,3,1.0699962195157475,3.7875668545334933,At-Risk High-Value
CUST_0004,34,95200.0,23,2571.28,14,50,Female,South,Mobile App,Electronics,1,0,1.348838872805555,-0.9440984673784507,High-Value Loyal
CUST_0100,24,55600.0,22,2393.8,28,30,Male,North,Online,Electronics,0,1,-0.15454569127149254,-1.2466180037328354,Occasional Low-Spend
CUST_0501,53,71400.0,4,1160.04,80,60,Female,South,In-Store,Sports,0,2,0.37122151707478035,1.3980059157241747,Moderate Regular
CUST_0236,25,32700.0,4,563.04,36,1,Male,Central,Mobile App,Apparel,1,1,-2.4125809499793998,-0.5028458810002521,Occasional Low-Spend
CUST_0542,48,88600.0,4,3780.13,177,64,Female,East,Online,Sports,1,3,1.4855326659058106,2.3651047158549576,At-Risk High-Value
CUST_0559,55,81400.0,6,2629.06,131,29,Male,East,In-Store,Apparel,0,3,0.5480279145947231,1.4907958435940638,At-Risk High-Value
CUST_0359,40,38800.0,16,844.08,42,34,Male,West,Mobile App,Sports,1,2,-0.7329455571324557,-0.3139573166227743,Moderate Regular
CUST_0223,18,42500.0,10,425.8,25,23,Female,West,Online,Apparel,0,1,-1.782750728256086,-0.8110361775443832,Occasional Low-Spend
CUST_0053,43,104900.0,30,2734.11,5,55,Female,Central,Online,Apparel,0,0,2.176756047500472,-1.1429554023729518,High-Value Loyal
CUST_0210,24,28600.0,7,314.46,83,11,Female,South,In-Store,Apparel,1,1,-2.2974993737445373,-0.010948060193992332,Occasional Low-Spend
CUST_0442,69,45200.0,7,1387.64,56,35,Male,West,Online,Groceries,1,2,-0.03434776264835592,0.975309220181227,Moderate Regular
CUST_0173,27,49800.0,8,83.01,44,17,Female,South,In-Store,Apparel,1,1,-1.7251766831594995,-0.33523111501975383,Occasional Low-Spend
CUST_0260,28,44300.0,8,118.4,0,9,Male,South,Mobile App,Home & Living,0,1,-1.9429408649139397,-0.9273380803039906,Occasional Low-Spend
CUST_0051,49,70100.0,21,3771.88,21,62,Female,West,In-Store,Beauty,0,0,1.7836028147477183,-0.3467887403576866,High-Value Loyal
CUST_0572,52,74900.0,5,5082.5,155,60,Male,South,Mobile App,Beauty,0,3,1.705454588107559,2.030689896178554,At-Risk High-Value
CUST_0203,27,34200.0,1,195.8,35,10,Female,East,In-Store,Sports,1,1,-2.3894598033442556,-0.182574451697611,Occasional Low-Spend
CUST_0323,30,32200.0,7,278.95,20,15,Female,Central,Online,Beauty,0,1,-1.9992870166419485,-0.5449507036488788,Occasional Low-Spend
CUST_0418,36,49200.0,14,20.0,28,20,Male,South,Online,Electronics,0,1,-1.2447977166509072,-0.5902089213236525,Occasional Low-Spend
CUST_0470,42,54100.0,19,421.45,48,46,Female,East,Online,Sports,1,2,-0.1773741949817668,-0.17141570705832268,Moderate Regular
CUST_0031,28,86200.0,26,4565.9,14,63,Male,North,Mobile App,Beauty,0,0,2.038315018263191,-1.167412449321133,High-Value Loyal
CUST_0354,39,48200.0,17,136.44,25,25,Female,Central,Online,Sports,0,2,-0.9401213465950162,-0.6573207984530545,Moderate Regular
CUST_0565,56,83200.0,4,1181.83,212,52,Female,North,In-Store,Apparel,0,3,0.49821360034614937,2.900194138832372,At-Risk High-Value
CUST_0352,51,56300.0,26,943.39,27,35,Female,West,Mobile App,Beauty,1,2,0.3110360441324618,-0.7318815349500745,Moderate Regular
CUST_0237,31,47400.0,2,483.84,70,14,Female,North,Mobile App,Beauty,0,1,-1.8326024260564628,0.3128666175201439,Occasional Low-Spend
CUST_0116,33,105200.0,19,1928.52,9,55,Male,South,Online,Apparel,0,0,1.2571688493657034,-0.7143343135001435,High-Value Loyal
CUST_0409,45,47800.0,11,1271.26,58,13,Female,South,Online,Home & Living,1,2,-0.8992410146947544,-0.023222588638606875,Moderate Regular
CUST_0052,31,112200.0,24,1940.58,5,46,Male,West,Mobile App,Electronics,0,0,1.3598627871459872,-1.172466803507794,High-Value Loyal
CUST_0102,34,84400.0,31,4414.83,9,36,Male,West,Online,Electronics,0,0,1.765317766134083,-1.6838500531708285,High-Value Loyal
CUST_0569,64,68000.0,3,2617.13,288,68,Male,Central,Online,Home & Living,0,3,1.128236070361668,4.133181313028926,At-Risk High-Value
CUST_0171,31,45000.0,4,311.39,29,14,Male,North,Mobile App,Beauty,1,1,-1.8511501552816387,-0.2601090799012301,Occasional Low-Spend
CUST_0180,19,38000.0,2,221.17,66,13,Male,North,In-Store,Sports,1,1,-2.416695594633875,-0.01856381860392264,Occasional Low-Spend
CUST_0368,59,34700.0,18,295.18,32,48,Male,South,Online,Apparel,0,2,-0.16524605304390658,0.09002764850865667,Moderate Regular
CUST_0432,58,61100.0,1,1017.69,33,49,Male,East,In-Store,Electronics,0,2,-0.06851078511515589,0.9835166837043842,Moderate Regular
CUST_0147,53,99300.0,31,4795.53,23,61,Female,Central,Online,Apparel,1,0,3.135821960186962,-0.7768456436268298,High-Value Loyal
CUST_0284,29,39500.0,8,140.68,55,2,Male,South,Mobile App,Groceries,1,1,-2.1514757635113413,-0.3648709800805802,Occasional Low-Spend
CUST_0385,52,45100.0,18,1578.75,65,33,Female,South,Online,Groceries,0,2,-0.023525894471763318,0.0836727443586814,Moderate Regular
CUST_0480,33,51400.0,9,1246.62,18,25,Female,South,Online,Sports,0,1,-0.9690948008166265,-0.49676559383439345,Occasional Low-Spend
CUST_0142,37,126400.0,20,3041.45,7,25,Male,North,Online,Apparel,1,0,1.5773334785086577,-1.094177818161986,High-Value Loyal
CUST_0434,39,71200.0,10,1295.43,25,27,Female,North,In-Store,Beauty,1,2,-0.3458917554942547,-0.28595083823765216,Moderate Regular
CUST_0483,43,76900.0,16,1915.43,20,6,Female,East,In-Store,Electronics,1,2,-0.11922827555455391,-0.8480009485141804,Moderate Regular
CUST_0141,52,58700.0,23,5692.2,8,45,Female,South,Online,Beauty,1,0,2.004468345347525,-0.8375387426225095,High-Value Loyal
CUST_0056,48,124700.0,30,3597.5,17,49,Female,East,In-Store,Beauty,0,0,2.843234055135784,-0.978089459862258,High-Value Loyal
CUST_0110,40,93900.0,13,4774.97,17,36,Female,West,Online,Beauty,0,0,1.533899623700833,-0.5158779749095465,High-Value Loyal
CUST_0337,66,72900.0,13,166.19,49,47,Male,South,In-Store,Beauty,1,2,0.49374972555199964,0.7446033545893498,Moderate Regular
CUST_0330,18,29700.0,2,149.41,28,5,Female,South,Mobile App,Beauty,0,1,-2.7741940559349136,-0.5858693963930462,Occasional Low-Spend
CUST_0221,26,35900.0,14,561.73,40,6,Male,North,Mobile App,Groceries,0,1,-1.8518716851443267,-0.8917156730278941,Occasional Low-Spend
CUST_0218,26,43400.0,5,479.09,0,22,Female,North,Online,Groceries,0,1,-1.7522546625729476,-0.6690490554581523,Occasional Low-Spend
CUST_0566,51,55400.0,3,2338.82,204,25,Female,East,In-Store,Electronics,0,3,-0.35373069634736476,2.3295952481928572,At-Risk High-Value
CUST_0436,59,44200.0,13,393.28,32,30,Female,Central,In-Store,Electronics,0,2,-0.49090850866470276,0.13436586000022835,Moderate Regular
CUST_0347,41,49700.0,13,920.57,47,41,Other,East,In-Store,Apparel,1,2,-0.4499165034578379,0.020664320261579387,Moderate Regular
CUST_0155,30,44700.0,5,94.38,64,5,Male,North,Online,Beauty,1,1,-2.097364661521751,-0.03579697063773362,Occasional Low-Spend
CUST_0415,48,57600.0,12,1687.46,26,7,Female,West,Mobile App,Electronics,1,2,-0.5739406200358577,-0.45663063995189856,Moderate Regular
CUST_0047,50,111600.0,28,4989.94,16,24,Female,East,Online,Home & Living,1,0,2.525745028643669,-1.224015021349016,High-Value Loyal
CUST_0395,38,65000.0,13,1424.69,37,40,Female,Central,Mobile App,Home & Living,1,2,-0.08353083416556942,-0.1778074521655033,Moderate Regular
CUST_0507,36,94900.0,5,1348.79,160,51,Female,North,Online,Beauty,1,3,0.30883839162346044,1.7888493668923495,At-Risk High-Value
CUST_0491,39,51700.0,14,1201.73,25,18,Female,West,In-Store,Home & Living,0,2,-0.7781494703825285,-0.6270357610548705,Moderate Regular
CUST_0579,45,93400.0,5,2231.6,226,41,Female,South,Online,Groceries,0,3,0.5806537441838389,2.5909591669779575,At-Risk High-Value
CUST_0249,28,38600.0,5,603.26,51,9,Female,South,Online,Groceries,1,1,-2.019568854214825,-0.2090613163249224,Occasional Low-Spend
CUST_0083,45,102100.0,29,4550.85,16,64,Male,East,In-Store,Groceries,1,0,2.8962505909596006,-0.8836348370833967,High-Value Loyal
CUST_0356,43,51800.0,7,1853.01,20,35,Male,South,Online,Home & Living,1,2,-0.396454053852387,-0.041276837525011205,Moderate Regular
CUST_0024,44,92100.0,25,3066.73,18,9,Male,South,In-Store,Groceries,1,0,0.9704348953416353,-1.3116344748111097,High-Value Loyal
CUST_0305,22,55600.0,9,363.5,69,1,Female,South,Online,Sports,0,1,-1.9272172716948726,-0.4175899411734123,Occasional Low-Spend
CUST_0272,19,44100.0,1,635.25,39,10,Female,South,In-Store,Groceries,1,1,-2.2560052333631813,-0.3245092926582956,Occasional Low-Spend
CUST_0160,31,34900.0,7,503.28,70,16,Male,South,Mobile App,Beauty,1,1,-1.8400117291192277,0.060370681672500016,Occasional Low-Spend
CUST_0039,37,102700.0,37,2197.94,20,35,Female,North,Mobile App,Home & Living,1,0,1.6812326396876591,-1.7035603246812006,High-Value Loyal
CUST_0286,27,59500.0,3,484.43,17,9,Female,North,In-Store,Sports,0,1,-1.7478172536172023,-0.48929122200216063,Occasional Low-Spend
CUST_0293,35,44300.0,1,497.85,114,1,Male,North,Online,Electronics,0,1,-2.0892568105646205,0.7965221275892009,Occasional Low-Spend
CUST_0380,33,43000.0,9,1321.76,22,41,Female,North,Online,Sports,1,1,-0.7947577959905747,-0.26381903972670456,Occasional Low-Spend
CUST_0011,46,73900.0,27,5177.24,19,43,Male,South,In-Store,Electronics,0,0,2.0918436846619004,-1.042649815853298,High-Value Loyal
CUST_0243,25,36100.0,7,486.67,97,16,Male,East,In-Store,Apparel,0,1,-1.9769224313058404,0.2373002330972978,Occasional Low-Spend
CUST_0474,50,52300.0,10,1377.48,34,11,Male,North,In-Store,Home & Living,0,2,-0.7255834803856372,-0.15783898557976359,Moderate Regular
CUST_0448,45,77800.0,20,576.44,32,1,Male,West,Online,Home & Living,1,2,-0.43440651477659586,-0.8804708097517806,Moderate Regular
CUST_0033,33,107600.0,20,4439.94,12,35,Female,South,Online,Sports,1,0,1.7615403750346197,-1.0818801733056305,High-Value Loyal
CUST_0023,31,84200.0,40,5074.96,14,78,Male,East,Online,Groceries,1,0,3.0608501541556707,-1.6686419494905844,High-Value Loyal
CUST_0509,49,107500.0,5,2225.99,169,57,Male,West,Online,Electronics,1,3,1.2752711924625093,2.2416645889433084,At-Risk High-Value
CUST_0428,64,76000.0,26,1575.54,25,13,Female,North,Online,Apparel,0,2,0.7896049952765386,-0.737109883631221,Moderate Regular
CUST_0026,40,70700.0,30,2742.92,12,37,Female,East,Online,Beauty,0,0,1.0904868301590611,-1.3958360561951764,High-Value Loyal
CUST_0420,31,41900.0,14,1468.3,40,19,Male,West,Mobile App,Home & Living,1,1,-1.0638445542392185,-0.6458442467192987,Occasional Low-Spend
CUST_0167,26,35200.0,8,827.14,54,11,Male,Central,In-Store,Groceries,1,1,-1.9108902357450348,-0.3652829180641571,Occasional Low-Spend
CUST_0531,72,52300.0,7,1504.04,206,20,Male,East,Online,Apparel,0,3,-0.10812527130218609,2.588079136964063,At-Risk High-Value
CUST_0250,22,44200.0,5,131.55,83,10,Female,East,In-Store,Groceries,1,1,-2.200080333620836,0.06177107925599231,Occasional Low-Spend
CUST_0454,53,61500.0,15,1149.19,19,29,Male,North,Mobile App,Electronics,1,2,-0.00306513182830214,-0.2795448056243505,Moderate Regular
CUST_0143,42,114300.0,35,4115.89,0,48,Female,North,In-Store,Electronics,0,0,2.8330617057997873,-1.6181492396391106,High-Value Loyal
CUST_0271,27,28300.0,11,371.46,35,18,Male,Central,In-Store,Beauty,0,1,-1.9127264183645376,-0.6207313961738119,Occasional Low-Spend
CUST_0090,48,66000.0,27,1087.09,9,6,Male,Central,In-Store,Electronics,1,2,-0.055993140735864116,-1.4164477082977351,Moderate Regular
CUST_0066,40,95900.0,31,6135.84,28,81,Female,North,Online,Home & Living,1,0,3.5704017795233995,-0.823561718021785,High-Value Loyal
CUST_0446,47,89400.0,18,1460.09,37,26,Female,Central,Mobile App,Electronics,0,2,0.5381016145525434,-0.3829436987654381,Moderate Regular
CUST_0450,54,58800.0,22,1597.32,36,12,Male,East,Online,Apparel,1,2,0.04268305355883736,-0.6615264389142863,Moderate Regular
CUST_0156,27,39900.0,3,203.61,72,11,Female,North,Online,Home & Living,1,1,-2.189097930835157,0.15784751702455438,Occasional Low-Spend
CUST_0383,37,67100.0,22,1202.81,64,29,Female,North,Online,Home & Living,1,2,-0.020623018018934385,-0.48677547632948465,Moderate Regular
CUST_0452,47,43800.0,13,826.05,54,19,Female,South,In-Store,Beauty,0,2,-0.8770436260256885,-0.04023314430688425,Moderate Regular
CUST_0230,21,40400.0,9,236.32,36,6,Female,Central,Mobile App,Electronics,1,1,-2.1825330913810284,-0.7707841086228041,Occasional Low-Spend
CUST_0593,52,62200.0,4,2586.1,235,51,Female,North,Online,Apparel,1,3,0.4229422566680801,2.979696457438375,At-Risk High-Value
CUST_0358,34,57300.0,16,1627.05,15,56,Male,South,In-Store,Groceries,1,2,0.16425638700701345,-0.4968538992087355,Moderate Regular
CUST_0041,43,67400.0,30,5430.57,5,54,Female,Central,Online,Electronics,1,0,2.304759300008688,-1.3099213404619943,High-Value Loyal
CUST_0417,41,49400.0,10,963.07,17,18,Female,West,Online,Home & Living,0,2,-0.9993418652736721,-0.4571592926325536,Moderate Regular
CUST_0193,23,49600.0,4,467.42,47,4,Male,West,In-Store,Apparel,1,1,-2.110241549380749,-0.36025412827471553,Occasional Low-Spend
CUST_0246,21,30500.0,2,533.54,65,15,Female,East,In-Store,Apparel,0,1,-2.3714447880270066,0.01870462286305972,Occasional Low-Spend
CUST_0259,24,36500.0,8,511.45,63,7,Female,North,Online,Electronics,0,1,-2.1177318641703886,-0.3425093456008346,Occasional Low-Spend
CUST_0584,50,103800.0,3,3141.86,203,55,Male,Central,Online,Apparel,0,3,1.4035463719629557,2.6941161016201156,At-Risk High-Value
CUST_0430,44,81800.0,16,499.96,16,44,Male,North,In-Store,Electronics,1,2,0.2869995739127895,-0.33312276502550753,Moderate Regular
CUST_0057,41,72100.0,26,2894.74,14,73,Female,South,In-Store,Groceries,1,0,1.7447272397018134,-0.6954827214001116,High-Value Loyal
CUST_0233,26,37100.0,4,433.35,0,4,Female,West,Mobile App,Sports,0,1,-2.278771150716601,-0.8469924044894173,Occasional Low-Spend
CUST_0072,24,75600.0,14,3086.35,13,34,Male,East,Online,Electronics,1,0,0.23523943466106825,-0.955157487280943,High-Value Loyal
CUST_0387,24,63800.0,15,1107.43,44,22,Female,West,Online,Groceries,1,1,-0.8360426859058828,-0.7331220074068354,Occasional Low-Spend
CUST_0240,29,38300.0,1,451.01,92,2,Female,West,Mobile App,Home & Living,1,1,-2.345772464049056,0.41410259119927684,Occasional Low-Spend
CUST_0091,42,85800.0,25,4337.26,10,19,Female,North,Online,Electronics,1,0,1.4071366438502213,-1.383758805005575,High-Value Loyal
CUST_0290,25,27400.0,6,354.42,62,6,Female,North,In-Store,Home & Living,1,1,-2.414288762047766,-0.2433055039310004,Occasional Low-Spend
CUST_0055,40,132600.0,30,5430.87,6,61,Male,West,In-Store,Home & Living,0,0,3.6266975222394597,-1.2023946420672018,High-Value Loyal
CUST_0329,33,37500.0,5,163.72,25,10,Male,Central,In-Store,Groceries,0,1,-2.0337813717084767,-0.365906996022232,Occasional Low-Spend
CUST_0281,27,40100.0,4,242.96,85,18,Female,East,Mobile App,Apparel,0,1,-2.0003567615216395,0.3412914340600559,Occasional Low-Spend
CUST_0201,24,34800.0,6,343.75,49,12,Female,South,Online,Groceries,1,1,-2.179660374214322,-0.3317324276638421,Occasional Low-Spend
CUST_0067,50,90100.0,12,7000.1,13,50,Male,Central,Online,Groceries,1,0,2.6661450751574316,-0.2031484358894458,High-Value Loyal
CUST_0472,32,62600.0,16,1304.82,50,44,Female,West,Mobile App,Sports,0,2,-0.12913262423234753,-0.2694294424342011,Moderate Regular
CUST_0189,32,45600.0,6,287.32,53,6,Male,North,Mobile App,Sports,0,1,-1.9082967682969605,-0.1638622851868513,Occasional Low-Spend
CUST_0441,35,56800.0,14,1374.53,52,51,Female,Central,Mobile App,Electronics,0,2,-0.08283777420956542,0.004278415541534005,Moderate Regular
CUST_0222,31,31400.0,8,655.63,48,8,Male,North,In-Store,Electronics,0,1,-1.9728268158239581,-0.3557792550001689,Occasional Low-Spend
CUST_0121,43,94900.0,29,1863.48,7,48,Male,North,Mobile App,Apparel,0,0,1.526834856941432,-1.1310775300043083,High-Value Loyal
CUST_0320,35,17400.0,8,221.88,38,10,Female,West,Online,Home & Living,1,1,-2.242905136104579,-0.35390668481081006,Occasional Low-Spend
CUST_0550,56,103000.0,3,2377.57,158,49,Male,West,Online,Electronics,1,3,1.1817664338075642,2.26727746118194,At-Risk High-Value
CUST_0319,28,45400.0,4,591.5,91,1,Male,South,In-Store,Apparel,1,1,-2.0942160898056312,0.2128064247898291,Occasional Low-Spend
CUST_0456,49,44000.0,15,537.9,46,5,Male,South,Online,Electronics,1,2,-1.1135125932235446,-0.3545894898623349,Moderate Regular
CUST_0498,47,54200.0,14,1571.56,24,60,Female,South,In-Store,Sports,1,2,0.4110786121575714,0.05546201169178658,Moderate Regular
CUST_0519,33,71600.0,5,2091.56,135,52,Male,Central,In-Store,Apparel,1,3,0.048731549740403675,1.3873247805316136,At-Risk High-Value
CUST_0408,38,58200.0,9,1080.52,27,45,Female,South,In-Store,Sports,1,2,-0.37733560294479884,-0.014934321946636492,Moderate Regular
CUST_0119,51,69600.0,41,5714.51,6,13,Female,Central,Online,Beauty,1,0,2.2507694452117377,-2.214095348744034,High-Value Loyal
CUST_0120,44,92200.0,23,4550.82,9,42,Male,Central,Online,Sports,0,0,2.0244976019766456,-0.9590417717946376,High-Value Loyal
CUST_0304,20,53900.0,5,191.6,37,9,Female,West,Online,Sports,1,1,-2.0534859107345635,-0.5172163750257793,Occasional Low-Spend
CUST_0518,59,80600.0,8,2275.47,143,22,Female,Central,In-Store,Groceries,1,3,0.45389032508483323,1.541233220969751,At-Risk High-Value
CUST_0301,27,48400.0,6,284.4,64,11,Female,North,In-Store,Beauty,1,1,-1.8839476063537397,-0.08481521107013415,Occasional Low-Spend
CUST_0139,41,83900.0,16,4793.6,9,42,Female,East,Mobile App,Beauty,0,0,1.603822857549951,-0.6801258696523237,High-Value Loyal
CUST_0146,31,97200.0,22,5806.42,28,43,Female,North,Online,Sports,0,0,2.181630894946084,-1.0159805421121468,High-Value Loyal
CUST_0149,51,90900.0,22,4743.29,7,52,Male,North,Online,Home & Living,1,0,2.394261267214598,-0.6552330457463906,High-Value Loyal
CUST_0561,34,113100.0,2,3857.76,171,90,Female,West,Mobile App,Groceries,0,3,2.070019446330976,2.4331540485058576,At-Risk High-Value
CUST_0447,67,69800.0,15,809.77,31,23,Male,West,Mobile App,Beauty,0,2,0.27625413524314735,0.1254128627405988,Moderate Regular
CUST_0163,27,32900.0,4,77.46,32,5,Female,East,Mobile App,Beauty,0,1,-2.436902864826044,-0.4334520151825505,Occasional Low-Spend
CUST_0412,53,47900.0,18,2186.83,55,10,Female,North,In-Store,Electronics,0,2,-0.1959949622331744,-0.31766642904153203,Moderate Regular
CUST_0492,51,15000.0,14,1174.78,75,12,Male,West,Online,Sports,0,2,-1.3245396184711238,0.10460735946054431,Moderate Regular
CUST_0468,51,79300.0,23,1584.39,28,47,Female,North,Mobile App,Home & Living,1,2,1.084177938113653,-0.41247952789865433,Moderate Regular
CUST_0151,32,30900.0,7,323.96,34,14,Female,Central,Online,Electronics,1,1,-1.9824020055682499,-0.35407333591013457,Occasional Low-Spend
CUST_0504,37,51400.0,9,1538.05,187,82,Male,West,In-Store,Electronics,1,3,0.3067465180460056,2.2413017915759275,At-Risk High-Value
CUST_0361,32,46600.0,8,1296.2,50,52,Female,North,Online,Apparel,0,2,-0.5863768742302101,0.23114908266765857,Moderate Regular
CUST_0528,50,74500.0,5,2708.87,223,69,Female,Central,In-Store,Groceries,1,3,1.0428872425987115,2.977855901366289,At-Risk High-Value
CUST_0032,38,84800.0,26,4153.43,23,42,Male,East,Mobile App,Home & Living,0,0,1.7140531505922987,-1.0836231203754814,High-Value Loyal
CUST_0331,65,67000.0,11,1525.49,17,24,Female,North,Online,Home & Living,0,2,0.27525414547427063,0.10815306088781426,Moderate Regular
CUST_0274,21,38300.0,3,186.73,29,5,Female,Central,Online,Sports,1,1,-2.4837399130817652,-0.5500118912697939,Occasional Low-Spend
CUST_0021,25,80000.0,22,2988.95,21,50,Female,West,Mobile App,Electronics,0,0,0.9270653859594543,-1.0504319020953066,High-Value Loyal
CUST_0114,41,99300.0,25,4845.96,15,38,Female,North,Online,Apparel,1,0,2.1784481201358643,-1.1165046658406743,High-Value Loyal
CUST_0589,56,85800.0,6,1393.18,125,92,Female,South,Mobile App,Apparel,0,3,1.4923332247364187,2.286905715661848,At-Risk High-Value
CUST_0001,42,81100.0,40,3967.53,0,47,Male,East,In-Store,Home & Living,0,0,2.312724222599157,-1.9256050952835901,High-Value Loyal
CUST_0396,40,51300.0,13,833.02,41,5,Male,West,Mobile App,Beauty,1,1,-1.1755547560953417,-0.5153049582406334,Occasional Low-Spend
CUST_0314,18,56400.0,3,368.86,44,19,Female,South,In-Store,Groceries,1,1,-1.878797984811723,-0.25662140989006343,Occasional Low-Spend
CUST_0557,23,91200.0,5,1056.58,153,64,Male,North,Online,Electronics,1,3,0.0750045287985931,1.5828968945203694,At-Risk High-Value
CUST_0214,21,42000.0,2,672.0,48,9,Female,North,In-Store,Beauty,1,1,-2.2185222135631,-0.24424114307309416,Occasional Low-Spend
CUST_0486,52,54400.0,11,637.72,33,26,Male,Central,Mobile App,Electronics,1,2,-0.542991045742175,0.043740881878134324,Moderate Regular
CUST_0521,49,134100.0,2,1941.83,113,61,Female,Central,Online,Sports,0,3,1.6734827140301214,1.8464731564376775,At-Risk High-Value
CUST_0003,40,83800.0,28,4129.06,12,42,Male,Central,In-Store,Beauty,1,0,1.8142915883830981,-1.269913589199066,High-Value Loyal
CUST_0573,66,74000.0,1,2032.54,233,55,Female,South,Online,Beauty,1,3,0.7858986805198789,3.5182873585969934,At-Risk High-Value
CUST_0059,55,111300.0,30,3609.51,13,56,Female,North,Online,Sports,0,0,2.900267722533631,-0.7940399199758795,High-Value Loyal
CUST_0544,36,105100.0,4,1775.37,153,66,Male,West,Online,Sports,0,3,0.9010881726225858,1.9424613116359175,At-Risk High-Value
CUST_0372,58,50700.0,11,1252.42,23,15,Male,Central,Online,Home & Living,1,2,-0.47958644084550567,-0.10209818511758233,Moderate Regular
CUST_0005,38,87500.0,23,4046.9,0,39,Female,South,Online,Groceries,1,0,1.5644082057774693,-1.221388742313479,High-Value Loyal
CUST_0257,31,40500.0,2,636.05,79,7,Male,West,Online,Home & Living,1,1,-2.0554646992890993,0.3147998115126838,Occasional Low-Spend
CUST_0324,32,44000.0,7,295.05,25,6,Male,East,In-Store,Sports,0,1,-1.8934245004644232,-0.5410843025419672,Occasional Low-Spend
CUST_0075,53,93800.0,33,5109.16,0,59,Male,North,Mobile App,Home & Living,0,0,3.1718824630741196,-1.190933646843873,High-Value Loyal
CUST_0192,30,38900.0,7,485.65,48,12,Male,South,Online,Groceries,1,1,-1.8672446327403778,-0.26036074981735285,Occasional Low-Spend
CUST_0547,33,80700.0,5,2382.85,52,54,Female,East,Online,Home & Living,1,2,0.37435915948146276,0.45472551579739573,Moderate Regular
CUST_0598,59,62700.0,3,3948.18,217,70,Female,West,Online,Sports,0,3,1.3850739055848653,3.165797978387158,At-Risk High-Value
CUST_0325,22,53900.0,8,390.92,49,10,Female,South,Mobile App,Groceries,1,1,-1.808832593999404,-0.4863717106565206,Occasional Low-Spend
CUST_0081,38,98900.0,27,3844.09,17,39,Female,West,Online,Home & Living,1,0,1.8666443824010532,-1.2133644797763112,High-Value Loyal
CUST_0341,35,79200.0,18,1010.8,17,30,Male,South,Online,Electronics,1,2,-0.020783528670942717,-0.8295954809706575,Moderate Regular
CUST_0027,19,121700.0,28,2381.79,19,61,Male,West,Mobile App,Beauty,0,0,1.8290897622881208,-1.3128107071650852,High-Value Loyal
CUST_0386,41,74300.0,8,1304.79,19,36,Male,North,In-Store,Beauty,1,2,-0.13132717333668817,-0.08921350368486254,Moderate Regular
CUST_0217,30,55000.0,6,305.27,63,9,Male,Central,Online,Apparel,1,1,-1.7139352588291201,-0.04626698233319441,Occasional Low-Spend
CUST_0381,57,39200.0,12,1370.7,42,32,Male,South,Mobile App,Groceries,1,2,-0.32175533759081204,0.23565553719839924,Moderate Regular
CUST_0479,48,75000.0,7,2274.1,58,35,Female,North,Mobile App,Apparel,0,2,0.30493038477738393,0.5202061586577531,Moderate Regular
CUST_0058,48,61200.0,28,1359.29,5,56,Female,West,Mobile App,Sports,0,2,0.9563450847697312,-0.9072903396358812,Moderate Regular
CUST_0465,46,54000.0,18,1075.86,11,32,Male,North,Online,Home & Living,1,2,-0.1724544546003648,-0.6562454216053712,Moderate Regular
CUST_0109,40,96000.0,32,4625.06,17,67,Female,East,Online,Electronics,0,0,2.8496357857565435,-1.115600139107627,High-Value Loyal
CUST_0410,34,51200.0,10,1497.61,30,25,Male,East,Online,Beauty,0,1,-0.8315300084884185,-0.39868413895825033,Occasional Low-Spend
CUST_0148,41,90000.0,26,3735.9,18,27,Female,Central,Online,Apparel,0,0,1.461604107767321,-1.2372235218802556,High-Value Loyal
CUST_0229,28,40800.0,7,225.58,30,21,Female,North,Online,Groceries,0,1,-1.7847384831175357,-0.387912596854559,Occasional Low-Spend
CUST_0015,42,90800.0,26,5858.53,18,44,Other,North,Mobile App,Electronics,1,0,2.5211709523469956,-1.0881275543776037,High-Value Loyal
CUST_0175,31,39900.0,10,434.23,48,7,Female,Central,Online,Groceries,1,1,-1.824304868702069,-0.45399108161667284,Occasional Low-Spend
CUST_0241,31,42300.0,2,425.86,64,19,Male,Central,Online,Home & Living,1,1,-1.8508514412198795,0.3025453130833628,Occasional Low-Spend
CUST_0115,42,74100.0,26,4510.07,17,46,Female,East,Mobile App,Sports,1,0,1.8017169686423302,-1.0391444019823763,High-Value Loyal
CUST_0166,30,45500.0,6,20.0,35,12,Female,Central,Online,Electronics,1,1,-1.9254884297015717,-0.3309368772450229,Occasional Low-Spend
CUST_0520,46,62500.0,4,3705.03,268,109,Female,East,Mobile App,Electronics,1,3,1.7697957370526547,3.902570020366311,At-Risk High-Value
CUST_0506,41,97400.0,6,4379.77,72,51,Male,South,Mobile App,Electronics,0,3,1.5171041438351678,0.7149434054725258,At-Risk High-Value
CUST_0060,36,74700.0,27,4153.65,9,56,Male,Central,Online,Groceries,1,0,1.7836855141861978,-1.1798095116185259,High-Value Loyal
CUST_0514,51,97800.0,6,364.61,201,42,Female,South,In-Store,Home & Living,1,3,0.2734605399573695,2.4808413206124076,At-Risk High-Value
CUST_0087,42,112800.0,37,2185.71,21,28,Male,North,Online,Beauty,1,0,1.859705808013524,-1.6535133831263493,High-Value Loyal
CUST_0165,27,49900.0,6,231.88,86,21,Female,South,Mobile App,Sports,1,1,-1.680610983996818,0.2974795202910242,Occasional Low-Spend
CUST_0099,27,81200.0,14,4337.53,18,46,Male,South,In-Store,Home & Living,1,0,1.0566430740960275,-0.7241582969699337,High-Value Loyal
CUST_0502,57,97100.0,5,2944.31,278,61,Female,East,Online,Electronics,0,3,1.5624926576197973,3.68762661807312,At-Risk High-Value
CUST_0169,23,65100.0,10,164.26,45,12,Female,South,Online,Apparel,1,1,-1.5254460053320884,-0.5671034166801011,Occasional Low-Spend
CUST_0295,25,48500.0,6,419.39,23,7,Male,Central,Online,Beauty,1,1,-1.9582996225533484,-0.6580205452077569,Occasional Low-Spend
CUST_0042,43,114000.0,32,2758.03,15,80,Female,North,Mobile App,Sports,1,0,2.923059027684486,-0.8105725225953391,High-Value Loyal
CUST_0365,50,55300.0,18,833.39,13,14,Female,West,Mobile App,Groceries,1,2,-0.4788394221969885,-0.755696250025311,Moderate Regular
CUST_0466,53,71200.0,14,1294.14,24,27,Male,East,Mobile App,Electronics,1,2,0.1533632604674732,-0.18903235834831744,Moderate Regular
CUST_0322,20,37400.0,8,548.6,18,3,Male,North,Online,Beauty,0,1,-2.257268833562008,-1.0022823581181135,Occasional Low-Spend
CUST_0174,26,44200.0,8,227.33,125,17,Male,Central,Online,Groceries,1,1,-1.8276498804733676,0.5628816579739858,Occasional Low-Spend
CUST_0245,26,23800.0,12,20.0,103,7,Female,East,Online,Electronics,1,1,-2.329256821958354,-0.04059550346872147,Occasional Low-Spend
CUST_0080,56,77300.0,28,2778.06,14,28,Male,South,In-Store,Sports,1,0,1.375695490607696,-1.0106875446440293,High-Value Loyal
CUST_0481,59,72500.0,17,1421.73,0,2,Male,East,Online,Groceries,0,2,-0.002175282619909626,-0.8023882797974765,Moderate Regular
CUST_0029,42,100800.0,32,6991.8,11,76,Male,North,Mobile App,Home & Living,1,0,3.9349615769046986,-1.118118160505119,High-Value Loyal
CUST_0510,59,79500.0,4,1661.04,236,49,Female,West,Online,Groceries,1,3,0.5929332276465226,3.183437777977234,At-Risk High-Value
CUST_0508,43,105200.0,5,1398.45,220,4,Female,Central,Mobile App,Home & Living,0,3,-0.23352384379076965,2.062305347579953,At-Risk High-Value
CUST_0294,18,26800.0,1,261.3,75,9,Male,West,Online,Sports,0,1,-2.7628079452869136,0.050042988373653306,Occasional Low-Spend
CUST_0404,53,94200.0,9,1788.63,15,17,Female,Central,Online,Electronics,0,2,0.37508550051181216,-0.14882145117073264,Moderate Regular
CUST_0302,38,53800.0,10,485.49,27,9,Female,South,Online,Electronics,0,1,-1.321592972790721,-0.49774448622143946,Occasional Low-Spend
CUST_0085,40,135500.0,37,2156.54,9,38,Female,Central,Mobile App,Beauty,1,0,2.4371506315006948,-1.6844121012823396,High-Value Loyal
CUST_0063,43,62100.0,33,2517.29,8,43,Female,South,Online,Groceries,1,0,1.157456295605805,-1.4569276851932902,High-Value Loyal
CUST_0596,73,77800.0,5,2887.7,201,47,Female,East,Online,Beauty,1,3,1.3108910397567906,2.968543870613017,At-Risk High-Value
CUST_0137,41,94900.0,28,3158.31,14,39,Female,Central,Online,Beauty,1,0,1.6805746061015279,-1.2088344147276542,High-Value Loyal
CUST_0112,47,111100.0,33,3810.81,17,98,Male,Central,Online,Beauty,1,0,3.696712128558501,-0.5707754700510598,High-Value Loyal
CUST_0195,26,55400.0,11,186.72,53,16,Female,Central,In-Store,Sports,0,1,-1.5164800009173225,-0.42156268004609493,Occasional Low-Spend
CUST_0371,38,60900.0,1,825.94,7,18,Female,South,In-Store,Sports,0,1,-1.2338215016492335,-0.14983287192853706,Occasional Low-Spend
CUST_0044,43,92200.0,26,3667.81,0,17,Male,East,Online,Beauty,0,0,1.3397441520744098,-1.5187152501508372,High-Value Loyal
CUST_0459,60,75300.0,11,600.64,51,35,Male,East,In-Store,Sports,1,2,0.22055243675865527,0.5713486962920185,Moderate Regular
CUST_0130,49,93800.0,24,3643.73,5,53,Female,East,Mobile App,Apparel,1,0,2.140309438154103,-0.7675898969077712,High-Value Loyal
CUST_0535,57,61100.0,4,1226.33,238,75,Female,West,Online,Groceries,0,3,0.5554681259019515,3.4818976359953298,At-Risk High-Value
CUST_0219,28,45500.0,1,836.99,75,8,Male,Central,Mobile App,Home & Living,1,1,-1.985927228105665,0.26311858008662314,Occasional Low-Spend
CUST_0097,30,94600.0,30,3795.45,20,64,Male,South,Mobile App,Beauty,0,0,2.170538140427361,-1.2085252397457815,High-Value Loyal
CUST_0125,32,85700.0,18,4765.81,14,64,Female,East,Online,Groceries,1,0,1.9105808571475404,-0.6536999670928322,High-Value Loyal
CUST_0563,46,64800.0,5,2989.31,202,96,Female,Central,In-Store,Beauty,0,3,1.3791549053024708,2.959337394319932,At-Risk High-Value
CUST_0597,47,73600.0,5,706.6,157,48,Female,Central,In-Store,Apparel,1,3,-0.09467164149767239,1.9678560007863315,At-Risk High-Value
CUST_0178,25,36500.0,11,364.36,55,10,Male,South,In-Store,Electronics,1,1,-1.9669074979110697,-0.5256727432663095,Occasional Low-Spend
CUST_0340,47,31500.0,16,573.01,43,34,Female,West,Online,Home & Living,0,2,-0.7875928175691449,-0.14095229402003137,Moderate Regular
CUST_0575,38,90400.0,5,2219.01,174,77,Female,South,Online,Sports,0,3,1.0591902962274737,2.2793827843626113,At-Risk High-Value
CUST_0562,75,104900.0,1,3715.84,258,65,Female,North,Online,Groceries,0,3,2.3421513757423407,4.103119393084154,At-Risk High-Value
CUST_0104,62,95900.0,36,3541.19,16,32,Male,East,In-Store,Groceries,1,0,2.5110231305023953,-1.22990539671637,High-Value Loyal
CUST_0082,39,79300.0,19,3376.86,9,31,Female,North,In-Store,Apparel,1,0,0.9048732633786106,-0.9675407113948075,High-Value Loyal
CUST_0334,48,67000.0,20,1153.26,27,12,Male,East,Mobile App,Electronics,0,2,-0.16556374534547735,-0.7688891021249113,Moderate Regular
CUST_0344,75,45500.0,10,1323.96,31,41,Male,East,In-Store,Sports,0,2,0.33580716888702644,0.7442268904383215,Moderate Regular
CUST_0265,25,53700.0,5,152.58,81,10,Male,Central,Online,Apparel,1,1,-1.9346463693897022,0.1171803150957191,Occasional Low-Spend
CUST_0402,56,29500.0,7,901.26,20,27,Male,East,In-Store,Home & Living,1,2,-0.9680614576316676,0.16676848974656644,Moderate Regular
CUST_0228,22,33500.0,5,190.16,77,14,Male,West,Mobile App,Groceries,1,1,-2.3083889823353227,0.027599674536372278,Occasional Low-Spend
CUST_0276,21,33100.0,10,577.54,112,4,Male,Central,In-Store,Groceries,1,1,-2.2296878649741316,0.004999067516211719,Occasional Low-Spend
CUST_0376,42,54900.0,17,866.13,49,57,Male,Central,Online,Groceries,1,2,0.12150947469920184,0.06501197399471957,Moderate Regular
CUST_0264,18,51200.0,1,348.89,5,13,Male,South,Mobile App,Sports,0,1,-2.1708871274115484,-0.6814451482089241,Occasional Low-Spend
CUST_0533,51,89300.0,2,2731.18,125,20,Female,West,In-Store,Electronics,0,3,0.30822812413498024,1.4331093157610917,At-Risk High-Value
CUST_0254,36,42000.0,2,272.73,68,8,Other,East,Online,Apparel,1,1,-1.997764273183902,0.33073202050331174,Occasional Low-Spend
CUST_0172,29,67100.0,4,368.4,35,3,Male,South,Online,Sports,0,1,-1.6719689447505226,-0.3500960191751826,Occasional Low-Spend
CUST_0238,26,42500.0,2,284.02,91,13,Male,South,In-Store,Electronics,1,1,-2.1401126419480545,0.43120281314608705,Occasional Low-Spend
CUST_0382,61,38900.0,7,612.17,20,23,Female,Central,In-Store,Groceries,0,2,-0.8337485148421117,0.25326460255356986,Moderate Regular
CUST_0140,33,87200.0,28,4365.36,11,50,Male,North,Online,Electronics,1,0,1.9389032931123333,-1.3461769157541135,High-Value Loyal
CUST_0268,22,40500.0,1,143.26,32,9,Female,East,Online,Home & Living,1,1,-2.428181795317618,-0.3336239197990049,Occasional Low-Spend
CUST_0591,18,96300.0,5,2231.08,206,75,Female,West,Online,Home & Living,0,3,0.6336995414314717,2.175343528051922,At-Risk High-Value
CUST_0360,55,56000.0,13,2157.05,36,30,Female,North,Mobile App,Electronics,0,2,0.20716047916617833,0.03131908076924863,Moderate Regular
CUST_0213,18,45200.0,7,441.26,21,20,Female,East,Online,Apparel,1,1,-1.8967070967937265,-0.7348668451328978,Occasional Low-Spend
CUST_0199,26,35200.0,7,827.95,69,3,Female,East,In-Store,Home & Living,0,1,-2.1078992304402098,-0.23999412259151198,Occasional Low-Spend
CUST_0384,34,98500.0,20,675.8,26,29,Male,North,Online,Apparel,1,2,0.27298497175444764,-0.829457729868457,Moderate Regular
CUST_0016,48,82400.0,29,1913.33,0,66,Female,South,Online,Groceries,0,0,1.7795733213818803,-0.8901335454427799,High-Value Loyal
CUST_0164,23,35600.0,10,619.88,68,8,Male,North,Online,Electronics,1,1,-2.030897180306898,-0.40540303719447096,Occasional Low-Spend
CUST_0424,38,91500.0,16,1079.3,20,29,Female,Central,Online,Beauty,0,2,0.21807073361391846,-0.6229230787829614,Moderate Regular
CUST_0391,69,49600.0,17,1417.68,45,21,Male,Central,Online,Groceries,0,2,0.16592936953130152,0.153737182454046,Moderate Regular
CUST_0499,59,57300.0,17,1327.25,24,14,Male,South,Mobile App,Groceries,1,2,-0.09632738749926768,-0.3900078792947136,Moderate Regular
CUST_0038,50,108600.0,21,2682.06,18,18,Female,East,In-Store,Home & Living,1,0,1.3393820909498368,-0.8182348810523983,High-Value Loyal
CUST_0505,62,103700.0,2,2033.67,148,103,Female,West,Mobile App,Sports,0,3,2.254477439700174,3.029995171273689,At-Risk High-Value
CUST_0207,37,41600.0,7,273.11,106,13,Male,West,Online,Beauty,0,1,-1.7014802834152711,0.591287421071958,Occasional Low-Spend
CUST_0296,30,54600.0,3,575.47,71,13,Male,North,Online,Sports,1,1,-1.6707835426804865,0.24151928274526613,Occasional Low-Spend
CUST_0427,35,53600.0,17,940.79,21,22,Male,South,In-Store,Sports,1,2,-0.7331363118988304,-0.8582833770519743,Moderate Regular
CUST_0074,41,105100.0,23,2635.04,5,35,Female,Central,Online,Groceries,1,0,1.4432358334979802,-1.0671068318722645,High-Value Loyal
CUST_0379,52,44600.0,21,886.69,28,21,Female,North,Online,Sports,0,2,-0.3713216192640946,-0.6219696363890811,Moderate Regular
CUST_0105,35,71500.0,30,5028.51,17,77,Male,West,Online,Apparel,1,0,2.502513433525379,-1.0448285103502226,High-Value Loyal
CUST_0327,25,30700.0,5,20.0,0,15,Male,North,Online,Groceries,0,1,-2.308002318242537,-0.7753397043292456,Occasional Low-Spend
CUST_0017,30,59800.0,15,2567.95,11,53,Female,South,Online,Sports,0,2,0.3216393820659766,-0.6544239324258393,Moderate Regular
CUST_0092,48,109900.0,25,4426.48,18,40,Female,South,Online,Groceries,1,0,2.4603918359487835,-0.8683385204204964,High-Value Loyal
CUST_0089,52,94700.0,32,3758.47,6,38,Female,North,In-Store,Groceries,1,0,2.2776234707113296,-1.2980445352780645,High-Value Loyal
CUST_0437,51,77700.0,10,599.98,20,52,Female,North,Online,Beauty,1,2,0.34375732563030886,0.2772985660849858,Moderate Regular
CUST_0206,29,21900.0,8,278.84,28,14,Female,Central,Online,Sports,1,1,-2.206645747711019,-0.5524815059685941,Occasional Low-Spend
CUST_0103,43,121700.0,25,3987.66,22,25,Female,East,Online,Beauty,1,0,2.127629998678306,-1.0912904943826185,High-Value Loyal
CUST_0239,26,31800.0,5,333.56,70,7,Male,West,In-Store,Beauty,0,1,-2.330878409385457,-0.05750039458813437,Occasional Low-Spend
CUST_0549,41,93800.0,1,1216.43,287,53,Male,North,Online,Home & Living,0,3,0.23227586112965595,3.6044341757777163,At-Risk High-Value
CUST_0247,31,58200.0,4,418.13,63,9,Female,South,Online,Groceries,0,1,-1.6661808162429719,0.08037875441451343,Occasional Low-Spend
CUST_0158,34,20600.0,8,484.37,64,18,Male,North,Online,Sports,0,1,-1.9696680810654075,0.015899006743925765,Occasional Low-Spend
CUST_0134,28,91400.0,26,4044.97,0,46,Female,South,In-Store,Sports,0,0,1.640381315362567,-1.5135955604927638,High-Value Loyal
CUST_0388,56,43500.0,13,497.14,17,19,Male,East,Online,Home & Living,0,2,-0.7578270757819775,-0.24905420245162374,Moderate Regular
CUST_0406,48,75200.0,16,983.51,30,13,Female,North,In-Store,Apparel,0,2,-0.1939983126928453,-0.49566285184806275,Moderate Regular
CUST_0019,25,94500.0,21,2505.76,17,79,Female,East,Online,Sports,0,0,1.5815388923062363,-0.6451222007340993,High-Value Loyal
CUST_0462,58,61900.0,14,915.34,16,61,Female,Central,Online,Electronics,0,2,0.6426139420016839,0.2615135651113027,Moderate Regular
CUST_0478,20,80000.0,14,431.37,47,9,Female,North,Online,Home & Living,0,1,-1.1340233147173866,-0.8526278358155442,Occasional Low-Spend
CUST_0343,50,55800.0,11,2045.09,43,11,Male,East,Mobile App,Groceries,0,2,-0.4060842938920102,-0.12973115800267107,Moderate Regular
CUST_0275,18,24600.0,9,337.73,96,14,Female,West,In-Store,Home & Living,1,1,-2.3850247029338205,-0.0704058393943641,Occasional Low-Spend
CUST_0451,64,64200.0,19,1266.53,32,21,Female,West,In-Store,Home & Living,0,2,0.3527018919597949,-0.19103195050247102,Moderate Regular
CUST_0529,50,81300.0,4,2438.26,113,91,Male,Central,Online,Sports,1,3,1.501364427672437,2.056602003308726,At-Risk High-Value
CUST_0312,24,38400.0,7,284.36,74,5,Male,East,Mobile App,Beauty,1,1,-2.2335256989923935,-0.1768168163969623,Occasional Low-Spend
CUST_0393,40,31400.0,18,734.44,53,1,Female,Central,Online,Groceries,0,1,-1.483911516552023,-0.7083417083645263,Occasional Low-Spend
CUST_0564,75,75400.0,4,2872.7,173,57,Female,Central,In-Store,Sports,0,3,1.4729777616308164,2.8664060698023945,At-Risk High-Value
CUST_0269,22,40300.0,5,153.81,41,12,Female,West,In-Store,Electronics,1,1,-2.220766386571397,-0.40269647697051525,Occasional Low-Spend
CUST_0035,52,92000.0,18,7062.33,4,30,Female,Central,Online,Beauty,1,0,2.60956230246649,-0.8258698303099873,High-Value Loyal
CUST_0182,23,30000.0,2,20.0,66,7,Female,North,Online,Beauty,0,1,-2.654169024742068,-0.003831604470419174,Occasional Low-Spend
CUST_0185,26,40200.0,10,180.3,78,12,Female,West,Mobile App,Home & Living,0,1,-1.933208795620543,-0.14868720016699732,Occasional Low-Spend
CUST_0208,22,52600.0,1,483.87,85,12,Female,Central,Online,Electronics,0,1,-2.0360296033266296,0.3148345195264708,Occasional Low-Spend
CUST_0095,42,89200.0,34,3639.59,9,13,Male,Central,Online,Electronics,1,0,1.469574843766623,-1.9092014646556401,High-Value Loyal
CUST_0512,50,45400.0,5,3137.74,180,67,Female,North,Online,Electronics,1,3,0.5887370402021779,2.4056153694764175,At-Risk High-Value
CUST_0407,67,38900.0,6,1824.7,18,26,Male,West,In-Store,Home & Living,1,2,-0.2708376622123056,0.4067285499395857,Moderate Regular
CUST_0123,41,129400.0,25,3979.12,0,74,Female,Central,Online,Groceries,0,0,3.1871543944365266,-0.7688567702032507,High-Value Loyal
CUST_0460,34,59900.0,4,1197.04,42,36,Female,North,Online,Sports,0,1,-0.7741667880801051,0.2138587297193963,Occasional Low-Spend
CUST_0079,40,75000.0,19,3109.12,11,99,Female,Central,Online,Home & Living,1,0,2.0904753548569137,-0.06666529128540331,High-Value Loyal
CUST_0351,44,64100.0,12,1129.64,19,45,Female,West,Mobile App,Beauty,0,2,0.01670835509530681,-0.12309160299710839,Moderate Regular
CUST_0062,38,111800.0,43,4059.31,7,45,Male,West,In-Store,Groceries,1,0,2.9086615401782634,-2.0855774869886585,High-Value Loyal
CUST_0252,28,33900.0,5,620.35,79,11,Female,East,Mobile App,Apparel,1,1,-2.071260558042725,0.13231458471125887,Occasional Low-Spend
CUST_0126,45,110400.0,37,1961.74,21,26,Female,East,In-Store,Groceries,1,0,1.7764420130293594,-1.6040149954300476,High-Value Loyal
CUST_0429,54,46300.0,12,1276.01,31,39,Female,West,In-Store,Apparel,0,2,-0.15071443479883848,0.14042427869311133,Moderate Regular
CUST_0426,67,49200.0,10,765.27,27,22,Female,South,Online,Groceries,0,2,-0.34360559041782224,0.30637898085329224,Moderate Regular
CUST_0590,44,85200.0,7,3231.33,72,56,Female,West,Online,Apparel,1,3,1.1202206763858362,0.8257666122464192,At-Risk High-Value
CUST_0348,49,67400.0,21,1962.55,46,24,Female,North,In-Store,Electronics,1,2,0.3976197331076303,-0.4624282219960984,Moderate Regular
CUST_0473,56,53200.0,19,2053.92,23,37,Female,South,Online,Groceries,0,2,0.5105816781555805,-0.321776654164429,Moderate Regular
CUST_0543,48,77600.0,1,2583.77,157,76,Female,West,Online,Home & Living,1,3,1.011665996798118,2.47771044112756,At-Risk High-Value
CUST_0378,48,73100.0,17,1605.15,39,43,Female,North,Online,Groceries,0,2,0.5895431841252805,-0.09760707589805181,Moderate Regular
CUST_0068,52,95800.0,17,3994.52,14,24,Female,Central,Online,Electronics,1,0,1.5336244267228358,-0.60316939458664,High-Value Loyal
CUST_0025,43,72800.0,23,4849.17,8,35,Female,Central,Mobile App,Electronics,1,0,1.584475125812894,-1.115735990434141,High-Value Loyal
CUST_0443,41,36000.0,13,548.54,57,27,Male,East,Mobile App,Beauty,1,2,-1.1109065762213644,-0.03984956740536877,Moderate Regular
CUST_0485,45,48000.0,10,1647.96,44,29,Female,West,In-Store,Beauty,0,2,-0.49537654048207175,0.05249321381721935,Moderate Regular
CUST_0595,33,145500.0,7,76.46,142,62,Female,East,Mobile App,Home & Living,0,3,1.09460169898772,1.6575133153800685,At-Risk High-Value
CUST_0127,23,102600.0,31,2255.34,28,65,Female,East,Online,Apparel,0,0,1.7084433541568511,-1.2427914120802137,High-Value Loyal
CUST_0534,48,141900.0,2,1643.81,85,87,Female,North,Online,Beauty,0,3,2.2172813025961764,1.8472102688620355,At-Risk High-Value
CUST_0335,55,82800.0,14,1663.62,33,29,Female,South,Online,Electronics,0,2,0.5841349843004789,-0.016398233980726994,Moderate Regular
CUST_0578,43,95200.0,1,2592.8,201,64,Female,West,In-Store,Electronics,0,3,0.9865952868009422,2.7416220023029623,At-Risk High-Value
CUST_0179,32,49400.0,6,772.86,80,4,Female,Central,In-Store,Home & Living,0,1,-1.7223320090417067,0.1068701171410938,Occasional Low-Spend
CUST_0411,45,74500.0,8,1231.42,26,32,Male,South,Online,Apparel,0,2,-0.13128079187908273,0.03557356294923983,Moderate Regular
CUST_0567,56,91900.0,7,2764.39,245,46,Male,North,Online,Home & Living,0,3,1.167394663395533,2.9938010990103505,At-Risk High-Value
CUST_0136,55,101700.0,18,2308.69,0,63,Female,East,In-Store,Sports,1,0,1.9808093878204605,-0.18575708677176972,High-Value Loyal
CUST_0224,29,32500.0,8,487.74,19,11,Male,North,In-Store,Apparel,0,1,-1.991204867768675,-0.6897234769119296,Occasional Low-Spend
CUST_0588,62,100900.0,2,3727.69,56,60,Male,South,Online,Home & Living,0,3,1.924989681141117,1.3603004111738377,At-Risk High-Value
CUST_0554,43,44700.0,6,2442.81,174,63,Male,East,In-Store,Electronics,0,3,0.1368286862017117,2.1027663361810514,At-Risk High-Value
CUST_0488,61,62900.0,11,1741.95,37,39,Male,South,In-Store,Beauty,1,2,0.45605568485073095,0.42140184879945264,Moderate Regular
CUST_0094,51,96600.0,16,3563.52,4,44,Male,Central,Online,Sports,1,0,1.7404408653996593,-0.4203619300823822,High-Value Loyal
CUST_0467,55,69700.0,22,1227.81,52,44,Male,East,Online,Sports,1,2,0.781744632618685,-0.026872035755218255,Moderate Regular
CUST_0070,35,64700.0,34,4102.53,11,42,Female,South,Online,Beauty,1,0,1.5388119693382143,-1.730746302184984,High-Value Loyal
CUST_0037,42,118500.0,38,1863.81,10,41,Female,West,In-Store,Electronics,1,0,2.1600534663208846,-1.6504215986339532,High-Value Loyal
CUST_0297,24,38400.0,6,470.22,101,4,Female,East,Online,Sports,0,1,-2.236071085218554,0.16658904227465124,Occasional Low-Spend
CUST_0161,26,43300.0,6,287.1,40,6,Male,South,Online,Apparel,0,1,-2.0996006557425564,-0.45262152346342377,Occasional Low-Spend
CUST_0363,55,88000.0,12,1597.42,30,29,Male,West,Online,Apparel,1,2,0.5883178381609615,0.06264978031791608,Moderate Regular
CUST_0012,45,101700.0,35,2577.78,15,59,Male,North,Online,Home & Living,1,0,2.3791321342288643,-1.1916886557395756,High-Value Loyal
CUST_0145,36,108400.0,40,5076.22,27,29,Female,North,Online,Electronics,1,0,2.691782887331266,-1.9888036513942329,High-Value Loyal
CUST_0511,57,46100.0,7,1985.5,158,6,Male,South,Online,Groceries,0,2,-0.710094635295814,1.4924881270561003,Moderate Regular
CUST_0128,50,42700.0,20,3247.56,12,90,Female,North,Mobile App,Apparel,1,0,1.6215373670026538,-0.036495660668980814,High-Value Loyal
CUST_0530,59,72400.0,2,1296.37,141,87,Male,South,Online,Home & Living,0,3,1.0248415857953086,2.6747223703296377,At-Risk High-Value
CUST_0303,32,54100.0,4,425.48,49,12,Female,North,In-Store,Apparel,1,1,-1.6566385696466088,-0.025884555629112984,Occasional Low-Spend
CUST_0010,36,81600.0,19,1617.18,9,47,Female,East,Online,Apparel,1,2,0.6186189086356071,-0.7611413663660467,Moderate Regular
CUST_0516,33,69100.0,5,2549.73,202,36,Female,South,In-Store,Electronics,0,3,-0.17779202201323144,1.937822085764168,At-Risk High-Value
CUST_0177,22,39900.0,9,565.86,43,11,Female,South,In-Store,Apparel,1,1,-1.9642518890383633,-0.619046312331986,Occasional Low-Spend
CUST_0232,18,52500.0,7,376.96,73,12,Male,South,Online,Beauty,1,1,-1.9433304289721485,-0.22438426449436846,Occasional Low-Spend
CUST_0211,35,34400.0,11,130.71,16,16,Female,Central,In-Store,Apparel,1,1,-1.7089456480091685,-0.6659123758857721,Occasional Low-Spend
CUST_0129,26,100000.0,24,6108.89,0,63,Female,North,Online,Electronics,0,0,2.6815078471488367,-1.3162654605275372,High-Value Loyal
CUST_0144,35,113300.0,24,5296.86,12,66,Male,West,Mobile App,Electronics,1,0,2.9562329748736857,-0.8872438185710148,High-Value Loyal
CUST_0242,24,47000.0,1,40.21,97,12,Female,North,Mobile App,Sports,0,1,-2.2403084459937355,0.5100924905946813,Occasional Low-Spend
CUST_0008,54,78900.0,29,2840.6,5,41,Other,South,Online,Home & Living,1,0,1.6709788981010236,-1.0505311616204163,High-Value Loyal
CUST_0594,73,92300.0,3,3623.55,201,120,Other,West,Online,Electronics,0,3,3.1822014246487025,3.971948153724187,At-Risk High-Value
CUST_0299,25,38600.0,12,743.84,37,4,Male,Central,Online,Home & Living,0,1,-1.8797166164442949,-0.873459894792353,Occasional Low-Spend
CUST_0311,30,51100.0,4,45.6,87,3,Female,East,Online,Groceries,1,1,-2.070921956528493,0.2661642947031097,Occasional Low-Spend
CUST_0255,28,41200.0,7,371.24,0,12,Female,South,Mobile App,Home & Living,0,1,-1.9000847315599345,-0.8514740387501529,Occasional Low-Spend
CUST_0582,55,77800.0,4,3310.64,242,85,Female,East,Online,Sports,1,3,1.697375465430802,3.5418090523574812,At-Risk High-Value
CUST_0464,40,50000.0,17,461.54,31,39,Female,South,Mobile App,Groceries,1,2,-0.5025070047409325,-0.4018198642274946,Moderate Regular
CUST_0009,38,128100.0,25,4141.01,0,94,Male,North,Mobile App,Sports,0,0,3.531116761609968,-0.5953747849131096,High-Value Loyal
CUST_0157,27,53400.0,7,180.2,38,11,Male,North,Mobile App,Sports,1,1,-1.778154217174056,-0.4266445862828933,Occasional Low-Spend
CUST_0028,37,84900.0,20,1446.83,28,60,Female,West,In-Store,Apparel,0,0,0.9405597683397221,-0.3986899581705097,High-Value Loyal
CUST_0267,28,55900.0,4,634.68,84,12,Female,Central,Online,Groceries,0,1,-1.6607185782750782,0.2801133625530984,Occasional Low-Spend
CUST_0315,23,48700.0,2,139.88,31,6,Male,North,Mobile App,Groceries,1,1,-2.266724451636659,-0.4025053816146582,Occasional Low-Spend
CUST_0065,37,100200.0,15,4141.99,30,21,Male,South,Online,Apparel,0,0,1.1555516769633443,-0.6930185539863513,High-Value Loyal
CUST_0587,75,98400.0,3,2479.61,145,32,Male,South,Mobile App,Electronics,0,3,1.2687840461991793,2.3271096435077476,At-Risk High-Value
CUST_0256,35,23200.0,7,267.78,57,5,Male,North,Online,Apparel,0,1,-2.2553506869830082,-0.14008167518680714,Occasional Low-Spend
CUST_0493,60,61400.0,18,790.33,47,22,Female,Central,Mobile App,Beauty,0,2,0.023866624124682566,-0.027967069594045078,Moderate Regular
CUST_0154,25,43700.0,8,431.58,33,21,Male,West,In-Store,Sports,1,1,-1.699626253104339,-0.47889026195865964,Occasional Low-Spend
CUST_0049,36,85900.0,36,5760.55,20,35,Female,South,In-Store,Groceries,1,0,2.446259731292648,-1.8394397161289433,High-Value Loyal
CUST_0209,30,48500.0,4,278.18,46,11,Female,North,In-Store,Electronics,0,1,-1.881243626821491,-0.11892620490551645,Occasional Low-Spend
CUST_0522,44,85700.0,3,2347.22,125,72,Male,West,Mobile App,Groceries,1,3,0.995611438429907,1.8826166904544395,At-Risk High-Value
CUST_0288,21,27000.0,11,324.62,40,6,Male,North,Online,Home & Living,0,1,-2.3381991050548034,-0.8488642618949168,Occasional Low-Spend
CUST_0002,45,88500.0,32,5104.82,17,47,Female,Central,Mobile App,Apparel,1,0,2.5929667518419928,-1.2802731420469067,High-Value Loyal
CUST_0342,50,56100.0,15,702.27,23,1,Female,South,In-Store,Home & Living,0,2,-0.8753921240436762,-0.6393356084931868,Moderate Regular
CUST_0270,25,50300.0,8,616.56,127,12,Male,East,In-Store,Sports,1,1,-1.7070462308998011,0.49202287428943026,Occasional Low-Spend
CUST_0266,18,53400.0,7,267.78,53,23,Male,North,Mobile App,Groceries,1,1,-1.742015649207996,-0.3119324468233027,Occasional Low-Spend
CUST_0537,58,102100.0,6,3130.04,160,38,Male,East,Online,Apparel,1,3,1.3550746078663154,2.0093391829079645,At-Risk High-Value
CUST_0453,58,45200.0,15,1283.04,24,41,Male,Central,In-Store,Apparel,1,2,0.08362081958898654,0.016827940802778805,Moderate Regular
CUST_0568,58,105600.0,3,2018.78,210,96,Female,Central,Mobile App,Beauty,0,3,2.0752431614290248,3.5165745457503794,At-Risk High-Value
CUST_0369,50,70900.0,11,2014.22,18,2,Female,South,Mobile App,Beauty,0,2,-0.29549705203267423,-0.5111564019624966,Moderate Regular
CUST_0096,47,118100.0,26,2735.19,32,39,Male,North,Online,Apparel,0,0,2.0623066750742503,-0.7157557092711696,High-Value Loyal
CUST_0571,52,72700.0,7,4341.19,178,78,Female,East,In-Store,Home & Living,1,3,1.8463629832550121,2.443461407534821,At-Risk High-Value
CUST_0353,46,49400.0,16,912.54,19,26,Female,Central,In-Store,Beauty,0,2,-0.5086317011030429,-0.5329404320786626,Moderate Regular
CUST_0043,31,114300.0,44,2114.35,7,44,Female,East,Online,Electronics,1,0,2.1718060451530357,-2.226905964404704,High-Value Loyal
CUST_0362,47,62400.0,7,1015.47,51,45,Female,South,Online,Home & Living,1,2,-0.1733972151941677,0.5784005521640795,Moderate Regular
CUST_0438,68,54400.0,13,1896.13,36,44,Male,West,Online,Beauty,1,2,0.6894795648356957,0.5102036316379437,Moderate Regular
CUST_0592,48,103100.0,2,2733.06,184,62,Male,East,In-Store,Sports,1,3,1.3110366649541454,2.585484534919536,At-Risk High-Value
CUST_0117,44,81300.0,48,5006.83,0,72,Female,South,Mobile App,Sports,0,0,3.493657068014199,-2.0294097517121346,High-Value Loyal
CUST_0425,34,65000.0,13,1521.93,3,43,Female,Central,In-Store,Sports,1,2,-0.0862105981822388,-0.6269314065300414,Moderate Regular
CUST_0046,28,110600.0,17,20.0,16,30,Other,East,In-Store,Electronics,0,2,0.05364078225084436,-0.8702063105583917,Moderate Regular
CUST_0162,33,44200.0,14,613.7,58,17,Female,North,Online,Groceries,1,1,-1.2887269022956966,-0.38031479433697046,Occasional Low-Spend
CUST_0556,74,99100.0,7,2597.25,161,44,Male,Central,Mobile App,Sports,1,3,1.6780740065243698,2.425056834654669,At-Risk High-Value
CUST_0118,34,116900.0,27,5954.21,15,38,Male,Central,Online,Sports,1,0,2.7781427325613564,-1.4049115928513423,High-Value Loyal
CUST_0289,29,33400.0,11,226.29,128,8,Male,East,Online,Home & Living,1,1,-2.025489642966134,0.38333897394250616,Occasional Low-Spend
CUST_0078,39,81800.0,22,3925.59,6,68,Other,Central,Online,Electronics,0,0,1.968551606109522,-0.7167241982243763,High-Value Loyal
CUST_0527,75,99000.0,4,2489.59,202,34,Male,South,Online,Apparel,0,3,1.349180669224204,2.9567723094870337,At-Risk High-Value
CUST_0390,43,56500.0,13,754.84,37,5,Male,South,Mobile App,Apparel,1,2,-1.0248922685883408,-0.48394126865537446,Moderate Regular
CUST_0560,37,101600.0,2,3034.76,163,52,Female,South,In-Store,Home & Living,0,3,0.9142462931480343,1.9546882804776973,At-Risk High-Value
CUST_0413,63,58000.0,13,1209.51,42,47,Female,South,Online,Electronics,1,2,0.4700078163442101,0.5355812034661557,Moderate Regular
CUST_0064,31,52800.0,28,4100.59,22,52,Female,East,Online,Groceries,0,0,1.1757939625645548,-1.2695245433860638,High-Value Loyal
CUST_0339,43,86900.0,13,1148.53,11,46,Female,West,In-Store,Sports,1,2,0.49733426547831433,-0.25182841897955116,Moderate Regular
CUST_0316,18,44200.0,10,467.04,88,3,Female,South,Online,Sports,1,1,-2.1404612418916686,-0.3345785523908513,Occasional Low-Spend
CUST_0300,19,44800.0,10,473.57,90,14,Male,Central,Online,Home & Living,1,1,-1.8869848213935323,-0.15100887065839552,Occasional Low-Spend
CUST_0400,65,66300.0,15,1155.71,43,53,Male,East,Online,Beauty,1,2,0.8554564070071078,0.5746410069000019,Moderate Regular
CUST_0231,21,46400.0,7,323.67,32,14,Male,Central,In-Store,Apparel,0,1,-1.956470420403456,-0.6086921205609472,Occasional Low-Spend
CUST_0298,22,35200.0,6,353.81,45,9,Female,Central,Online,Home & Living,0,1,-2.2763865926262814,-0.46065207510814554,Occasional Low-Spend
CUST_0187,24,45700.0,11,338.88,56,14,Male,South,In-Store,Home & Living,1,1,-1.7442070701855383,-0.4750377331324996,Occasional Low-Spend
CUST_0469,58,34600.0,8,559.5,24,10,Female,East,Mobile App,Electronics,1,2,-1.2260211296352657,0.01356996063537849,Moderate Regular
CUST_0200,23,43600.0,9,501.73,64,16,Male,South,Mobile App,Sports,0,1,-1.7949218534437061,-0.28494117773324107,Occasional Low-Spend
CUST_0421,49,44200.0,12,1459.56,43,44,Male,South,In-Store,Groceries,1,2,-0.160926908019678,0.21759645517133572,Moderate Regular
CUST_0366,37,35600.0,20,1419.6,69,20,Male,North,In-Store,Apparel,1,2,-0.8117143337045637,-0.4827160629614377,Moderate Regular
CUST_0524,67,47400.0,4,2628.99,154,31,Female,Central,Online,Beauty,1,3,0.14894266315465862,2.118104923298327,At-Risk High-Value
CUST_0397,52,62200.0,12,1622.91,44,69,Male,East,Online,Groceries,1,2,0.803428678766722,0.6239666560425549,Moderate Regular
CUST_0122,37,68500.0,15,5613.82,9,50,Male,Central,Mobile App,Home & Living,1,0,1.5908075307928211,-0.6703589634027427,High-Value Loyal
CUST_0574,60,62300.0,3,2980.43,211,63,Female,Central,In-Store,Electronics,1,3,0.953439807025876,3.071086419280866,At-Risk High-Value
CUST_0248,24,20100.0,9,329.41,32,10,Female,West,Online,Sports,0,1,-2.3908828785957854,-0.7264847589373314,Occasional Low-Spend
CUST_0308,22,40700.0,2,318.09,81,9,Male,North,Mobile App,Sports,0,1,-2.339750974992811,0.17166501278034288,Occasional Low-Spend
CUST_0570,55,129300.0,6,1509.62,261,78,Female,West,Online,Electronics,0,3,2.044619967661231,3.7028393371561292,At-Risk High-Value
CUST_0364,44,69400.0,7,1336.71,45,38,Male,South,In-Store,Apparel,0,2,-0.14473965688976673,0.3488031959139969,Moderate Regular
CUST_0159,19,42000.0,4,657.15,110,7,Female,Central,Online,Sports,0,1,-2.249076537318789,0.29557314835639,Occasional Low-Spend
CUST_0086,32,67100.0,37,4300.68,4,47,Male,West,Online,Electronics,0,0,1.7870288941258081,-1.9795597964333524,High-Value Loyal
CUST_0226,31,43000.0,10,229.35,60,4,Male,West,In-Store,Groceries,1,1,-1.891763396410954,-0.341154666866548,Occasional Low-Spend
CUST_0377,46,47900.0,15,1132.35,19,35,Male,North,Online,Home & Living,1,2,-0.3281230724206874,-0.37891032493191085,Moderate Regular
CUST_0263,25,37000.0,8,20.0,86,18,Male,West,Online,Apparel,0,1,-2.0314117187788474,0.10329312277391266,Occasional Low-Spend
CUST_0332,54,69100.0,11,1269.14,43,18,Male,Central,Online,Groceries,1,2,-0.1635060427543249,0.0959408504722281,Moderate Regular
CUST_0234,28,33800.0,2,88.84,97,10,Female,North,Online,Groceries,0,1,-2.3814425390535225,0.5060435890110667,Occasional Low-Spend
CUST_0077,39,75200.0,30,4575.01,17,47,Female,West,Online,Beauty,1,0,1.9397989567376894,-1.3057268747555444,High-Value Loyal
CUST_0476,60,62700.0,10,1462.71,25,57,Male,Central,Online,Groceries,1,2,0.6538905694426431,0.5487999981610037,Moderate Regular
CUST_0526,61,98000.0,1,3699.1,38,70,Female,South,Online,Apparel,1,3,1.9963523960575886,1.3052204477625076,At-Risk High-Value
CUST_0150,42,96100.0,33,2696.11,24,27,Female,Central,Online,Sports,1,0,1.5310164886589135,-1.4624013016131412,High-Value Loyal
CUST_0088,38,93200.0,24,3275.28,12,29,Female,East,Online,Sports,1,0,1.2646275506701847,-1.2221135927338727,High-Value Loyal
CUST_0458,39,56100.0,3,1028.42,19,8,Other,South,Mobile App,Sports,1,1,-1.3587907023174282,-0.23245890943970512,Occasional Low-Spend
CUST_0422,48,47900.0,9,1540.28,38,19,Female,South,Online,Apparel,0,2,-0.6896983077101998,-0.016710543576414338,Moderate Regular
CUST_0600,52,109700.0,2,1295.46,121,79,Male,Central,Online,Sports,0,3,1.418358784610929,2.2293174805543288,At-Risk High-Value
CUST_0183,20,41500.0,11,124.44,103,8,Female,East,Online,Groceries,0,1,-2.121031417365904,-0.09542637163205335,Occasional Low-Spend
CUST_0477,55,42500.0,10,719.47,24,34,Female,North,Online,Home & Living,0,2,-0.5511744978392898,0.14312516478730072,Moderate Regular
CUST_0106,36,76200.0,18,1703.1,8,52,Male,West,Online,Beauty,1,2,0.6023886251254259,-0.6676986896216976,Moderate Regular
CUST_0333,37,68400.0,9,1494.52,68,10,Female,Central,Online,Apparel,0,1,-0.7643438398928867,-0.007262194206824422,Occasional Low-Spend
CUST_0439,42,48500.0,15,418.28,63,17,Female,East,Mobile App,Home & Living,0,2,-1.008049749150777,-0.15763435741002518,Moderate Regular
CUST_0050,60,125300.0,20,2583.11,10,8,Female,Central,Mobile App,Sports,1,0,1.647140784384315,-0.7320888169716315,High-Value Loyal
CUST_0336,53,67300.0,19,1088.03,48,27,Female,East,Online,Electronics,1,2,0.19526740711922755,-0.17061500520898912,Moderate Regular
CUST_0006,33,89000.0,41,4277.93,9,46,Male,Central,Online,Electronics,1,0,2.3580766509150357,-2.0945937346943655,High-Value Loyal
CUST_0018,38,109700.0,26,3085.09,16,50,Female,West,In-Store,Groceries,0,0,2.0075653284344424,-0.9913492514047326,High-Value Loyal
CUST_0235,31,25600.0,6,714.82,45,8,Female,South,Mobile App,Apparel,0,1,-2.140620875033673,-0.2948079170992164,Occasional Low-Spend
CUST_0487,54,48500.0,14,473.53,24,34,Male,North,Online,Beauty,1,2,-0.38874672620228073,-0.07203427893101433,Moderate Regular
CUST_0532,36,112500.0,3,1239.99,278,36,Female,North,Online,Beauty,1,3,0.22128336596086184,3.091124819520061,At-Risk High-Value
CUST_0373,65,61400.0,13,398.17,46,27,Female,West,Online,Sports,1,2,-0.0691194618664788,0.4145259340803951,Moderate Regular
CUST_0111,48,95800.0,39,3219.53,0,45,Female,Central,In-Store,Groceries,0,0,2.4273145872963444,-1.7140099539492757,High-Value Loyal
CUST_0107,44,117600.0,21,4890.68,27,71,Male,North,Mobile App,Beauty,0,0,3.1136724728175285,-0.2686975191336788,High-Value Loyal
CUST_0444,26,45900.0,18,955.31,23,48,Male,East,Mobile App,Groceries,1,1,-0.5551034847554384,-0.7769888211683351,Occasional Low-Spend
CUST_0419,49,88300.0,17,1550.44,32,31,Female,West,In-Store,Sports,1,2,0.6569681005480309,-0.28528863614783145,Moderate Regular
CUST_0489,38,62600.0,19,1763.69,21,1,Male,East,Online,Sports,1,2,-0.5539167715297642,-1.1802786784117312,Moderate Regular
CUST_0135,53,118800.0,20,3837.72,15,57,Female,East,In-Store,Sports,1,0,2.711016846199359,-0.2805082596428958,High-Value Loyal
CUST_0013,43,123100.0,25,1490.46,7,62,Female,North,In-Store,Sports,0,0,2.07408640865429,-0.6982118543276861,High-Value Loyal
CUST_0227,25,65400.0,2,425.13,78,12,Female,East,Online,Electronics,1,1,-1.693909686095974,0.26738600405360036,Occasional Low-Spend
CUST_0215,29,52600.0,10,493.44,50,16,Female,Central,Mobile App,Sports,0,1,-1.4338316147664054,-0.3514489828281581,Occasional Low-Spend
CUST_0191,28,40700.0,6,262.27,86,3,Male,West,In-Store,Electronics,1,1,-2.1759054793805426,0.0833260523323941,Occasional Low-Spend
CUST_0253,24,41400.0,3,313.62,70,9,Male,North,Online,Electronics,1,1,-2.237965686400796,0.03895421524863359,Occasional Low-Spend
CUST_0321,32,35200.0,5,255.5,51,2,Male,North,In-Store,Beauty,0,1,-2.2351471338724487,-0.19540533613888494,Occasional Low-Spend
CUST_0283,26,46000.0,14,351.33,34,8,Male,Central,In-Store,Home & Living,1,1,-1.6844484438951728,-0.9153770855754141,Occasional Low-Spend
CUST_0030,43,94300.0,44,3719.61,12,17,Female,North,Online,Apparel,1,0,2.073926566527211,-2.3231744817186204,High-Value Loyal
CUST_0170,18,27400.0,7,380.42,66,5,Female,West,Mobile App,Sports,1,1,-2.5627742674451293,-0.422142327550826,Occasional Low-Spend
CUST_0490,64,60500.0,14,1329.83,34,25,Male,South,Mobile App,Beauty,1,2,0.190895697554903,0.13698936693568628,Moderate Regular
CUST_0181,32,37600.0,2,396.68,122,1,Female,East,Online,Apparel,0,1,-2.289965641347407,0.7644290974798036,Occasional Low-Spend
CUST_0101,39,30000.0,29,4553.38,10,61,Female,West,Online,Apparel,1,0,1.2971275624644056,-1.211459665635809,High-Value Loyal
CUST_0198,26,37100.0,3,535.09,32,8,Male,West,Online,Groceries,0,1,-2.2116631936652804,-0.3800889231424751,Occasional Low-Spend
CUST_0496,41,77000.0,16,1327.66,28,8,Female,Central,Online,Groceries,0,2,-0.3196338412011039,-0.7520965263873178,Moderate Regular
CUST_0577,54,121500.0,7,3022.0,70,72,Female,Central,Online,Home & Living,0,3,2.3163450189570773,1.280940451188773,At-Risk High-Value
CUST_0374,51,81000.0,19,490.89,36,34,Female,East,In-Store,Beauty,1,2,0.3564138894570135,-0.22632855169380195,Moderate Regular
CUST_0461,60,55500.0,14,1115.71,61,30,Female,North,In-Store,Electronics,0,2,0.017955800059386576,0.4225709019365141,Moderate Regular
CUST_0414,41,31400.0,16,561.08,36,35,Female,Central,Mobile App,Beauty,0,2,-0.9217968767814017,-0.3450198129503992,Moderate Regular
CUST_0132,49,73500.0,24,6821.95,8,84,Male,East,In-Store,Groceries,0,0,3.382104214181346,-0.4998268506980302,High-Value Loyal
CUST_0040,41,83700.0,40,5320.44,0,55,Female,North,Online,Groceries,1,0,2.93219626972994,-1.9007123498846357,High-Value Loyal
CUST_0435,45,83300.0,21,917.97,42,36,Male,North,In-Store,Beauty,1,2,0.5030324964954337,-0.3880428479704777,Moderate Regular
CUST_0216,30,66500.0,11,618.13,45,9,Male,South,Online,Home & Living,0,1,-1.1983108233693813,-0.5149074617397245,Occasional Low-Spend
CUST_0475,44,71700.0,11,706.72,50,12,Female,North,Online,Groceries,1,2,-0.6629358530334533,-0.09937337346765518,Moderate Regular
CUST_0457,48,65800.0,10,1152.32,51,29,Male,East,Online,Electronics,1,2,-0.23846796624746017,0.24251595725703387,Moderate Regular
CUST_0261,26,48400.0,4,473.76,80,6,Female,North,Online,Electronics,0,1,-2.024091897052169,0.11142770817780902,Occasional Low-Spend
CUST_0036,35,95400.0,19,2641.61,11,6,Female,North,In-Store,Sports,1,0,0.3889068815463706,-1.2985207429728975,High-Value Loyal
CUST_0310,30,38200.0,11,268.88,72,17,Male,East,Online,Beauty,1,1,-1.7068446526139385,-0.12290499540684104,Occasional Low-Spend
CUST_0277,34,41800.0,9,524.15,39,21,Other,South,In-Store,Beauty,1,1,-1.4457936040178703,-0.26376906419357204,Occasional Low-Spend
CUST_0394,49,65700.0,15,1516.48,23,20,Female,West,Online,Apparel,1,2,-0.07963080590249301,-0.44678575399664805,Moderate Regular
CUST_0108,46,98200.0,34,4564.56,26,38,Other,South,Mobile App,Sports,1,0,2.528094284419983,-1.3375190110702004,High-Value Loyal
CUST_0558,51,119800.0,3,2989.75,200,35,Female,Central,In-Store,Groceries,1,3,1.2975709922624417,2.4575431864219106,At-Risk High-Value
CUST_0525,20,61900.0,5,2294.96,297,59,Female,Central,Mobile App,Home & Living,0,3,-0.29165795309417064,3.026396833886442,At-Risk High-Value
CUST_0048,43,113400.0,40,2586.37,8,57,Male,West,Mobile App,Apparel,1,0,2.7090994087742333,-1.591295340973476,High-Value Loyal
CUST_0204,30,19300.0,9,186.8,58,17,Male,Central,In-Store,Apparel,1,1,-2.1712548068899786,-0.19831665409172627,Occasional Low-Spend
CUST_0022,40,104100.0,33,3117.73,15,38,Male,West,Mobile App,Groceries,0,0,1.9892158262503814,-1.4819911665025942,High-Value Loyal
CUST_0403,53,82200.0,19,1027.78,10,35,Female,South,Online,Sports,0,2,0.627759883869275,-0.48855980142387134,Moderate Regular
CUST_0084,41,101800.0,19,4193.35,5,25,Male,East,In-Store,Beauty,1,0,1.536835433705566,-1.0500722630773862,High-Value Loyal
CUST_0131,34,96700.0,28,4606.49,2,51,Male,South,Online,Beauty,1,0,2.246691457900886,-1.413366521752511,High-Value Loyal
CUST_0416,44,61400.0,16,914.57,12,29,Female,Central,Online,Groceries,0,2,-0.26581437245818157,-0.6075159222214671,Moderate Regular
CUST_0287,27,41700.0,10,468.72,89,8,Female,East,Online,Sports,1,1,-1.86651030866398,-0.05922020529492043,Occasional Low-Spend
CUST_0124,24,124200.0,36,401.22,22,54,Female,South,In-Store,Groceries,1,0,1.5255896983572133,-1.5872609643580657,High-Value Loyal
CUST_0034,35,89000.0,31,4274.53,24,59,Female,Central,In-Store,Apparel,1,0,2.2808555704298072,-1.189909265923336,High-Value Loyal
CUST_0517,31,80800.0,5,2399.28,192,79,Male,West,Mobile App,Home & Living,0,3,0.7933182960655464,2.33410880728443,At-Risk High-Value
CUST_0020,30,96400.0,35,4769.14,26,34,Female,North,Online,Apparel,0,0,2.120613858427133,-1.8137416009887426,High-Value Loyal
CUST_0548,63,73700.0,2,3516.63,124,64,Female,East,In-Store,Sports,1,3,1.4208900316806592,2.19312118196909,At-Risk High-Value
CUST_0220,29,48200.0,9,129.76,17,2,Male,West,Online,Beauty,0,1,-1.9416461334421957,-0.8444329299192976,Occasional Low-Spend
CUST_0482,73,49000.0,14,1353.6,13,1,Female,West,Online,Apparel,0,2,-0.26507514140321126,-0.21481105288774446,Moderate Regular
CUST_0357,43,60100.0,7,240.93,14,18,Female,South,In-Store,Apparel,1,2,-1.0889879112845942,-0.2469795670204075,Moderate Regular
CUST_0225,21,41400.0,3,580.33,30,16,Other,Central,Online,Home & Living,0,1,-2.0814681748698622,-0.4135738602851305,Occasional Low-Spend
CUST_0093,39,93400.0,18,3962.96,0,51,Male,West,Online,Sports,0,0,1.7223164322264748,-0.776469031892654,High-Value Loyal
CUST_0152,38,39300.0,7,177.63,34,10,Female,Central,Mobile App,Apparel,0,1,-1.7963421704217786,-0.2518845957023325,Occasional Low-Spend
CUST_0583,62,58700.0,6,1643.21,148,7,Male,West,Online,Groceries,1,2,-0.4690621461212478,1.5845387055239275,Moderate Regular
CUST_0318,23,52600.0,7,308.59,0,7,Female,North,Online,Sports,0,1,-1.9224149973433045,-1.0114946652184325,Occasional Low-Spend
CUST_0449,48,52200.0,19,1551.16,44,43,Female,South,Online,Beauty,1,2,0.24275026239371877,-0.1671683597445042,Moderate Regular
CUST_0523,45,64900.0,2,2499.86,174,56,Male,West,Online,Home & Living,1,3,0.30742351649955496,2.2917807995616593,At-Risk High-Value
CUST_0280,19,41200.0,8,329.17,93,16,Male,East,Online,Groceries,0,1,-2.040168330202609,0.014994918923902657,Occasional Low-Spend
CUST_0350,39,81500.0,17,88.84,25,20,Male,Central,Mobile App,Sports,1,2,-0.4099766075008082,-0.6786263935148195,Moderate Regular
CUST_0375,60,49700.0,17,875.16,28,39,Male,West,Mobile App,Home & Living,1,2,0.12397271830127403,0.0005642884653252438,Moderate Regular
CUST_0401,57,70400.0,12,761.31,29,44,Female,South,In-Store,Apparel,1,2,0.3213877932396772,0.2973817726997933,Moderate Regular
CUST_0258,23,33400.0,3,182.27,37,10,Female,North,In-Store,Home & Living,1,1,-2.4337996684985286,-0.35555021765764544,Occasional Low-Spend
CUST_0073,38,62100.0,25,4112.02,16,50,Male,East,Online,Beauty,0,0,1.3822865522366727,-1.0369985995509534,High-Value Loyal
CUST_0196,23,42300.0,1,400.82,72,16,Female,North,Online,Electronics,1,1,-2.1561438789230802,0.22898511064819382,Occasional Low-Spend
CUST_0484,49,56700.0,5,1227.85,33,34,Male,South,Mobile App,Apparel,1,2,-0.4522220832740144,0.36843234439639894,Moderate Regular
CUST_0138,40,125600.0,35,4838.04,11,54,Female,South,Online,Home & Living,1,0,3.3504045142217738,-1.4781471596946103,High-Value Loyal
CUST_0495,39,63700.0,20,1396.5,20,26,Female,North,Online,Beauty,1,2,-0.09933793076762344,-0.892947895876108,Moderate Regular
CUST_0551,50,81500.0,6,2963.88,98,43,Female,North,Online,Groceries,0,3,0.8143000830854801,1.1582524904983746,At-Risk High-Value
CUST_0463,47,57400.0,6,1278.21,38,38,Female,East,In-Store,Electronics,0,2,-0.3571748159094098,0.3769455164645849,Moderate Regular
CUST_0202,32,53400.0,8,319.03,43,17,Male,West,Mobile App,Beauty,0,1,-1.4546107577036902,-0.23861764712336112,Occasional Low-Spend
CUST_0313,20,32700.0,3,342.66,91,19,Male,East,In-Store,Beauty,1,1,-2.3047077082728498,0.30353872178008773,Occasional Low-Spend
CUST_0291,30,30000.0,2,40.28,41,13,Male,South,Online,Groceries,1,1,-2.350965652848066,-0.05881118127352211,Occasional Low-Spend
CUST_0190,24,42600.0,5,257.44,0,2,Male,East,In-Store,Beauty,0,1,-2.280595531944332,-0.9561146536808396,Occasional Low-Spend
CUST_0113,33,106100.0,39,5155.59,10,63,Female,East,Online,Beauty,1,0,3.2293535583149735,-1.7817703536457354,High-Value Loyal
CUST_0184,32,33100.0,3,589.13,68,8,Female,East,Online,Beauty,1,1,-2.129234522614652,0.16407064184502893,Occasional Low-Spend
CUST_0153,36,39700.0,4,368.22,69,1,Male,East,Online,Beauty,1,1,-2.073038270902067,0.1434333245386948,Occasional Low-Spend
CUST_0326,21,37200.0,4,544.12,71,14,Female,Central,Online,Beauty,0,1,-2.183861124024775,-0.021983829566450834,Occasional Low-Spend
CUST_0045,54,105800.0,23,6286.69,20,33,Female,West,Online,Beauty,0,0,2.9193339193224817,-0.7726066560175576,High-Value Loyal
CUST_0445,47,81800.0,24,1163.38,65,24,Male,North,In-Store,Groceries,1,2,0.47701685349835754,-0.39645376641016195,Moderate Regular
CUST_0007,43,67400.0,32,5637.69,7,26,Male,South,In-Store,Home & Living,1,0,1.8988540840633834,-1.7498189464871001,High-Value Loyal
CUST_0251,28,38300.0,11,380.08,21,17,Female,West,Online,Sports,1,1,-1.7086275578941172,-0.7604072697155074,Occasional Low-Spend
CUST_0076,48,103100.0,46,4044.13,1,34,Male,South,Mobile App,Electronics,0,0,2.8837329322526055,-2.231768749102519,High-Value Loyal
CUST_0513,61,113700.0,5,4578.67,157,75,Female,South,In-Store,Electronics,1,3,2.809373286827089,2.5117472712594933,At-Risk High-Value
CUST_0392,49,89000.0,12,1046.3,16,53,Other,North,Mobile App,Apparel,0,2,0.752481289333268,0.08852148630509883,Moderate Regular
CUST_0433,65,69700.0,15,731.6,37,34,Female,South,Online,Apparel,1,2,0.4133327304948903,0.28958013042108954,Moderate Regular
CUST_0069,30,77800.0,35,3050.54,24,14,Female,West,Online,Home & Living,1,0,0.8143880166324483,-2.0381185768060703,High-Value Loyal
CUST_0168,28,62400.0,9,634.04,94,23,Male,Central,Online,Home & Living,0,1,-1.1333720685706465,0.27842135891414,Occasional Low-Spend
CUST_0555,50,55000.0,3,3290.45,151,36,Male,West,Mobile App,Home & Living,0,3,0.14721003627542517,1.7941531443897258,At-Risk High-Value
CUST_0367,61,38800.0,28,870.19,53,1,Male,East,Online,Groceries,0,2,-0.39687841605376106,-0.7521793675264993,Moderate Regular
CUST_0346,27,54300.0,13,1345.77,82,33,Male,South,Online,Sports,1,1,-0.7355514031742568,-0.00590578952796838,Occasional Low-Spend
CUST_0585,75,79200.0,1,2655.56,205,120,Male,Central,Mobile App,Electronics,0,3,2.589546627359951,4.192443369073984,At-Risk High-Value
CUST_0536,52,76600.0,6,2785.73,271,78,Female,West,In-Store,Apparel,0,3,1.3624629277496845,3.635687776321631,At-Risk High-Value
CUST_0399,43,62300.0,13,960.88,59,52,Female,South,In-Store,Beauty,1,2,0.06925093262793687,0.35491025532013737,Moderate Regular
CUST_0186,19,52400.0,8,445.52,17,3,Female,Central,Online,Sports,1,1,-2.025488968082391,-1.014645247497749,Occasional Low-Spend
CUST_0349,35,37900.0,19,626.29,22,24,Male,West,In-Store,Sports,1,1,-1.0237826954092237,-0.9321771094714962,Occasional Low-Spend
CUST_0212,35,59800.0,7,646.02,8,7,Male,South,Online,Sports,1,1,-1.3770118413931935,-0.6521113280836411,Occasional Low-Spend
CUST_0580,39,74500.0,3,2651.35,228,53,Female,Central,Mobile App,Home & Living,0,3,0.3608500717998634,2.6929647193181334,At-Risk High-Value
CUST_0503,56,82300.0,8,2615.85,103,52,Female,West,In-Store,Beauty,0,3,1.1171770051095347,1.3749282152739928,At-Risk High-Value
CUST_0538,45,73900.0,4,387.03,47,31,Female,South,Online,Home & Living,0,2,-0.5906476696111439,0.5084786865396328,Moderate Regular
CUST_0197,24,34500.0,7,332.0,22,19,Female,West,Mobile App,Electronics,0,1,-2.009177428731011,-0.6076848845198568,Occasional Low-Spend
CUST_0176,24,36600.0,7,390.09,44,6,Male,Central,Online,Beauty,0,1,-2.2085900403403733,-0.5164476013902092,Occasional Low-Spend
